player.jumperNumber,player.photoURL,player.player.player.playerId,player.playerJumperNumber,team,position,dateOfBirth,draftYear,heightInCm,recruitedFrom,debutYear,draftType,draftPosition,PositionCoded,ID,First.name,Surname,Games,Goals,Brownlow.Votes,name,,,
10,https://s.afl.com.au/staticfile/AFL Tenant/AFL/Players/ChampIDImages/AFL/2025014/1008882.png,CD_I1008882,10,Gold Coast SUNS,KEY_DEFENDER,23/07/1999,2017,196,Mitcham Hawks (SA)/Sacred Heart College (SA)/Sturt (SANFL),2019,nationalDraft,42,Defender,12625,Charlie,Ballard,134,3,4,Charlie Ballard,,,
10,https://s.afl.com.au/staticfile/AFL Tenant/AFL/Players/ChampIDImages/AFL/2025014/1024272.png,CD_I1024272,10,North Melbourne,MEDIUM_DEFENDER,12/04/2005,2023,182,Launceston (Tas)/Tasmania Devils U18,2024,nationalDraft,2,Defender,13107,Colby,McKercher,39,12,4,Colby McKercher,,,
13,https://s.afl.com.au/staticfile/AFL Tenant/AFL/Players/ChampIDImages/AFL/2025014/993816.png,CD_I993816,13,North Melbourne,MEDIUM_DEFENDER,23/01/1997,2015,184,Horsham Saints (Vic)/North Ballarat U18/Fremantle,2016,nationalDraft,27,Defender,12426,Darcy,Tucker,156,44,2,Darcy Tucker,,,
1,https://s.afl.com.au/staticfile/AFL Tenant/AFL/Players/ChampIDImages/AFL/2025014/1001028.png,CD_I1001028,1,Carlton,KEY_DEFENDER,17/12/1997,2015,194,Greythorn (Vic)/Xavier College (Vic)/Oakleigh U18/Carlton,2016,fatherSon,53,Defender,12458,Jack,Silvagni,128,89,2,Jack Silvagni,,,
41,https://s.afl.com.au/staticfile/AFL Tenant/AFL/Players/ChampIDImages/AFL/2025014/1013197.png,CD_I1013197,41,Richmond,MEDIUM_DEFENDER,02/04/2003,2021,187,Clarence (Tas)/Tasmania U18,2025,nationalDraft,29,Defender,13078,Sam,Banks,43,6,2,Sam Banks,,,
30,https://s.afl.com.au/staticfile/AFL Tenant/AFL/Players/ChampIDImages/AFL/2025014/1015781.png,CD_I1015781,30,North Melbourne,KEY_DEFENDER,20/07/2001,2019,199,Sale (Vic)/Catholic College Sale (Vic)/Gippsland U18,2023,nationalDraft,31,Defender,12938,Charlie,Comben,48,8,1,Charlie Comben,,,
37,https://s.afl.com.au/staticfile/AFL Tenant/AFL/Players/ChampIDImages/AFL/2025014/1020668.png,CD_I1020668,37,Fremantle,KEY_DEFENDER,08/02/2004,2022,197,Rockingham (WA)/Peel Thunder (WAFL),2024,other,,Defender,12912,Josh,Draper,31,0,1,Josh Draper,,,
23,https://s.afl.com.au/staticfile/AFL Tenant/AFL/Players/ChampIDImages/AFL/2025014/1029416.png,CD_I1029416,23,West Coast Eagles,MEDIUM_DEFENDER,06/09/2004,2023,196,Drouin Vic)/Gippsland U18/Box Hill Hawks (VFL),2024,other,1,Defender,13070,Ryan,Maric,51,17,1,Ryan Maric,,,
26,https://s.afl.com.au/staticfile/AFL Tenant/AFL/Players/ChampIDImages/AFL/2025014/1030433.png,CD_I1030433,26,St Kilda,KEY_DEFENDER,16/11/2006,2024,193,Warragul Blues JFC/Gippsland U18,,nationalDraft,10,Defender,13243,Alix,Tauru,10,1,0,Alix Tauru,,,
36,https://s.afl.com.au/staticfile/AFL Tenant/AFL/Players/ChampIDImages/AFL/2025014/1027284.png,CD_I1027284,36,Essendon,MEDIUM_DEFENDER,02/11/2006,2024,189,East Gambier FC/Glenelg (SANFL),,nationalDraft,39,Defender,13229,Angus,Clarke,14,5,0,Angus Clarke,,,
24,https://s.afl.com.au/staticfile/AFL Tenant/AFL/Players/ChampIDImages/AFL/2025014/1027872.png,CD_I1027872,24,St Kilda,MEDIUM_DEFENDER,19/09/2005,2023,190,Geelong West Giants (Vic)/Geelong Falcons U18,2025,nationalDraft,33,Defender,13116,Angus,Hastie,14,1,0,Angus Hastie,,,
41,https://s.afl.com.au/staticfile/AFL Tenant/AFL/Players/ChampIDImages/AFL/2025014/1017077.png,CD_I1017077,41,St Kilda,MEDIUM_DEFENDER,02/09/2003,2022,188,Glen Iris (Vic)/Sandringham U18/Sandringham (VFL),2024,other,,Defender,13169,Angus,McLennan,3,0,0,Angus McLennan,,,
21,https://s.afl.com.au/staticfile/AFL Tenant/AFL/Players/ChampIDImages/AFL/2025014/1023515.png,CD_I1023515,21,Essendon,MEDIUM_DEFENDER,18/11/2005,2023,184,Hampton Rovers AFC (Vic)/Sandringham Rovers U18,2025,nationalDraft,54,Defender,13168,Archie,Roberts,27,3,0,Archie Roberts,,,
27,https://s.afl.com.au/staticfile/AFL Tenant/AFL/Players/ChampIDImages/AFL/2025014/1024279.png,CD_I1024279,27,St Kilda,MEDIUM_DEFENDER,07/01/2005,2023,194,Launceston Football Club (Tas)/Tasmania Devils U18,2024,nationalDraft,62,Defender,13152,Arie,Schoenmaker,7,0,0,Arie Schoenmaker,,,
42,https://s.afl.com.au/staticfile/AFL Tenant/AFL/Players/ChampIDImages/AFL/2025014/1029261.png,CD_I1029261,42,Hawthorn,MEDIUM_DEFENDER,04/08/2004,2022,182,Surrey Park (Vic)/Wesley College (Vic)/Oakleigh U18,2025,nationalDraft,51,Defender,13069,Bailey,Macdonald,8,1,0,Bailey Macdonald,,,
32,https://s.afl.com.au/staticfile/AFL Tenant/AFL/Players/ChampIDImages/AFL/2025014/1002143.png,CD_I1002143,32,Essendon,KEY_DEFENDER,24/12/1997,2015,202,Warragul (Vic)/Gippsland U18/North Melbourne,2017,nationalDraft,21,Defender,12580,Ben,McKay,104,1,0,Ben McKay,,,
35,https://s.afl.com.au/staticfile/AFL Tenant/AFL/Players/ChampIDImages/AFL/2025014/1027678.png,CD_I1027678,35,Carlton,MEDIUM_DEFENDER,16/06/2005,2023,183,Dromana Football Netball Club (Vic)/Dandenong Stingrays U18,2024,nationalDraft,34,Defender,,Billy,Wilson,4,0,0,Billy Wilson,,,
22,https://s.afl.com.au/staticfile/AFL Tenant/AFL/Players/ChampIDImages/AFL/2025014/1017122.png,CD_I1017122,22,Melbourne,MEDIUM_DEFENDER,07/04/2003,2021,191,Mordialloc-Braeside (Vic)/St Bede's Coll (Vic)/Sandringham U18,2024,nationalDraft,39,Defender,13098,Blake,Howes,28,1,0,Blake Howes,,,
26,https://s.afl.com.au/staticfile/AFL Tenant/AFL/Players/ChampIDImages/AFL/2025014/1028449.png,CD_I1028449,26,West Coast Eagles,MEDIUM_DEFENDER,16/02/2006,2024,191,Halls Head FC/Peel Thunder (WAFL),2025,nationalDraft,16,Defender,13221,Bo,Allan,6,0,0,Bo Allan,,,
35,https://s.afl.com.au/staticfile/AFL Tenant/AFL/Players/ChampIDImages/AFL/2025014/1024096.png,CD_I1024096,35,Sydney Swans,MEDIUM_DEFENDER,10/08/2004,2022,186,Yarrawonga (Vic)/Murray U18,2024,nationalDraft,40,Defender,13115,Caleb,Mitchell,3,0,0,Caleb Mitchell,,,
6,https://s.afl.com.au/staticfile/AFL Tenant/AFL/Players/ChampIDImages/AFL/2025014/1027821.png,CD_I1027821,6,Melbourne,MEDIUM_DEFENDER,09/06/2005,2023,185,Lysterfield (Vic)/Eastern Ranges U18,2024,nationalDraft,7,Defender,13099,Caleb,Windsor,36,10,0,Caleb Windsor,,,
50,https://s.afl.com.au/staticfile/AFL Tenant/AFL/Players/ChampIDImages/AFL/2025014/1036103.png,CD_I1036103,50,Richmond,KEY_DEFENDER,08/01/2003,2024,195,Essendon (VFL),,other,16,Defender,13218,Campbell,Gray,3,0,0,Campbell Gray,,,
43,https://s.afl.com.au/staticfile/AFL Tenant/AFL/Players/ChampIDImages/AFL/2025014/1009197.png,CD_I1009197,43,Collingwood,KEY_DEFENDER,19/06/2001,2021,195,Collegians (Vic)/Wesley Coll (Vic)/Sandr U18/Williamstown (VFL),2024,rookieElevation,2,Defender,13097,Charlie,Dean,12,0,0,Charlie Dean,,,
29,https://s.afl.com.au/staticfile/AFL Tenant/AFL/Players/ChampIDImages/AFL/2025014/1027656.png,CD_I1027656,29,Fremantle,MEDIUM_DEFENDER,13/02/2005,2023,182,Mount Martha Junior Football Club (Vic)/Dandenong Stingrays U18,2024,nationalDraft,35,Defender,13128,Cooper,Simpson,5,1,0,Cooper Simpson,,,
10,https://s.afl.com.au/staticfile/AFL Tenant/AFL/Players/ChampIDImages/AFL/2025014/1020959.png,CD_I1020959,10,Melbourne,KEY_DEFENDER,28/01/2002,2021,194,Albury (NSW)/Murray U18,2022,other,24,Defender,12996,Daniel,Turner,37,24,0,Daniel Turner,,,
2,https://s.afl.com.au/staticfile/AFL Tenant/AFL/Players/ChampIDImages/AFL/2025014/1028495.png,CD_I1028495,2,North Melbourne,MEDIUM_DEFENDER,30/05/2006,2024,183,Koroit FNC Inc/Oakleigh U18,2025,nationalDraft,2,Defender,13187,Finn,OSullivan,22,1,0,Finn O'Sullivan,,,
48,https://s.afl.com.au/staticfile/AFL Tenant/AFL/Players/ChampIDImages/AFL/2025014/1027311.png,CD_I1027311,48,Port Adelaide,KEY_DEFENDER,05/12/2006,2025,202,Brighton/Glenelg (SANFL)/Port Adelaide (SANFL),,other,3,Defender,13192,Harrison,Ramm,1,0,0,Harrison Ramm,,,
42,https://s.afl.com.au/staticfile/AFL Tenant/AFL/Players/ChampIDImages/AFL/2025014/1011437.png,CD_I1011437,42,West Coast Eagles,KEY_DEFENDER,01/10/2000,2018,200,Mazenod (WA)/Swan Districts (WAFL),2021,rookieElevation,18,Defender,12853,Harry,Edwards,55,0,0,Harry Edwards,,,
22,https://s.afl.com.au/staticfile/AFL Tenant/AFL/Players/ChampIDImages/AFL/2025014/1028526.png,CD_I1028526,22,Carlton,KEY_DEFENDER,03/05/2006,2024,197,Maribyrnong Park FC/Calder U18,,nationalDraft,40,Defender,12536,Harry,OFarrell,6,1,0,Harry O'Farrell,,,
34,https://s.afl.com.au/staticfile/AFL Tenant/AFL/Players/ChampIDImages/AFL/2025014/1020968.png,CD_I1020968,34,North Melbourne,MEDIUM_DEFENDER,09/01/2003,2021,187,Park Orchards (Vic)/Whitefriars College (Vic)/Northern U18,2025,fatherSon,59,Defender,13004,Jackson,Archer,26,0,0,Jackson Archer,,,
46,https://s.afl.com.au/staticfile/AFL Tenant/AFL/Players/ChampIDImages/AFL/2025014/1013229.png,CD_I1013229,46,Richmond,KEY_DEFENDER,14/12/2001,,196,,,,,Defender,13163,Jacob,Blight,10,3,0,Jacob Blight,,,
35,https://s.afl.com.au/staticfile/AFL Tenant/AFL/Players/ChampIDImages/AFL/2025014/1009029.png,CD_I1009029,35,Adelaide Crows,KEY_DEFENDER,18/07/2002,2023,192,Unley (SA)/Sturt (SANFL),2024,rookieElevation,20,Defender,13086,James,Borlase,16,1,0,James Borlase,,,
30,https://s.afl.com.au/staticfile/AFL Tenant/AFL/Players/ChampIDImages/AFL/2025014/1032119.png,CD_I1032119,30,GWS GIANTS,MEDIUM_DEFENDER,02/10/2005,2023,188,Launceston Football Club NTJFA (Tas)/Tasmania Devils U18,2025,nationalDraft,17,Defender,13174,James,Leake,3,1,0,James Leake,,,
42,https://s.afl.com.au/staticfile/AFL Tenant/AFL/Players/ChampIDImages/AFL/2025014/1018987.png,CD_I1018987,42,Essendon,MEDIUM_DEFENDER,27/07/2006,2024,177,Aberfeldie (VIC)/Calder U18,,other,,Defender,13258,Jayden,Nguyen,5,0,0,Jayden Nguyen,,,
26,https://s.afl.com.au/staticfile/AFL Tenant/AFL/Players/ChampIDImages/AFL/2025014/1023174.png,CD_I1023174,26,Melbourne,KEY_DEFENDER,14/05/2004,2022,196,South Mandurah (WA)/Peel Thunder (WAFL),2025,nationalDraft,38,Defender,13261,Jed,Adams,1,0,0,Jed Adams,,,
5,https://s.afl.com.au/staticfile/AFL Tenant/AFL/Players/ChampIDImages/AFL/2025014/1023017.png,CD_I1023017,5,Western Bulldogs,KEY_DEFENDER,11/03/2004,2022,198,Coolbinia (WA)/East Perth (WAFL),,nationalDraft,13,Defender,13216,Jedd,Busslinger,7,0,0,Jedd Busslinger,,,
41,https://s.afl.com.au/staticfile/AFL Tenant/AFL/Players/ChampIDImages/AFL/2025014/1004995.png,CD_I1004995,41,Adelaide Crows,KEY_DEFENDER,31/12/1999,2018,195,Shepparton Bears (Vic)/Murray U18,2020,rookieElevation,39,Defender,12829,Jordon,Butts,85,0,0,Jordon Butts,,,
49,https://s.afl.com.au/staticfile/AFL Tenant/AFL/Players/ChampIDImages/AFL/2025014/1022999.png,CD_I1022999,49,Richmond,MEDIUM_DEFENDER,20/11/2004,2022,181,Melville (WA)/Wesley College (WA)/East Fremantle (WAFL),,nationalDraft,49,Defender,13149,Kaleb,Smith,12,1,0,Kaleb Smith,,,
42,https://s.afl.com.au/staticfile/AFL Tenant/AFL/Players/ChampIDImages/AFL/2025014/1012144.png,CD_I1012144,42,North Melbourne,KEY_DEFENDER,22/07/1998,2022,196,Williamstown CYMS (Vic)/Williamstown (VFL),2022,other,2,Defender,13018,Kallan,Dawson,19,1,0,Kallan Dawson,,,
46,https://s.afl.com.au/staticfile/AFL Tenant/AFL/Players/ChampIDImages/AFL/2025014/1028196.png,CD_I1028196,46,Essendon,KEY_DEFENDER,09/09/1998,2025,203,Cockburn/East Fremantle (WAFL),,other,13,Defender,13237,Lachlan,Blakiston,11,1,0,Lachlan Blakiston,,,
18,https://s.afl.com.au/staticfile/AFL Tenant/AFL/Players/ChampIDImages/AFL/2025014/1023487.png,CD_I1023487,18,Essendon,MEDIUM_DEFENDER,17/12/2004,2022,199,Lysterfield (Vic)/Rowville Secondary College (Vic)/Eastern U18,2025,nationalDraft,25,Defender,13224,Lewis,Hayes,1,0,0,Lewis Hayes,,,
45,https://s.afl.com.au/staticfile/AFL Tenant/AFL/Players/ChampIDImages/AFL/2025014/1035198.png,CD_I1035198,45,St Kilda,MEDIUM_DEFENDER,04/03/2003,2023,189,Ireland (County Cork/Ballincollig),2025,other,,Defender,13194,Liam,OConnell,7,0,0,Liam O'Connell,,,
36,https://s.afl.com.au/staticfile/AFL Tenant/AFL/Players/ChampIDImages/AFL/2025014/1015929.png,CD_I1015929,36,Western Bulldogs,MEDIUM_DEFENDER,05/03/2002,2021,191,Beaumaris (Vic)/Haileybury College (Vic)/Sandringham U18,2024,nationalDraft,61,Defender,12987,Luke,Cleary,23,2,0,Luke Cleary,,,
31,https://s.afl.com.au/staticfile/AFL Tenant/AFL/Players/ChampIDImages/AFL/2025014/1028521.png,CD_I1028521,31,Richmond,MEDIUM_DEFENDER,10/04/2006,2024,195,St Peters FC/Sandringham U18,2025,nationalDraft,21,Defender,13191,Luke,Trainor,21,1,0,Luke Trainor,,,
35,https://s.afl.com.au/staticfile/AFL Tenant/AFL/Players/ChampIDImages/AFL/2025014/1028547.png,CD_I1028547,35,North Melbourne,KEY_DEFENDER,16/05/2006,2024,197,Shepparton FNC/Murray U18,,nationalDraft,27,Defender,12768,Matt,Whitlock,2,1,0,Matt Whitlock,,,
32,https://s.afl.com.au/staticfile/AFL Tenant/AFL/Players/ChampIDImages/AFL/2025014/1027964.png,CD_I1027964,32,Carlton,MEDIUM_DEFENDER,28/11/2005,2024,190,East Malvern (Vic)/Sandringham Dragons U18,2025,preseason,,Defender,13036,Matt,Carroll,17,1,0,Matt Carroll,,,
48,https://s.afl.com.au/staticfile/AFL Tenant/AFL/Players/ChampIDImages/AFL/2025014/1015515.png,CD_I1015515,48,Gold Coast SUNS,KEY_DEFENDER,23/07/2003,2021,198,St Kilda/Glenelg (SANFL),,nationalDraft,51,Defender,13251,Oscar,Adams,8,0,0,Oscar Adams,,,
26,https://s.afl.com.au/staticfile/AFL Tenant/AFL/Players/ChampIDImages/AFL/2025014/1013278.png,CD_I1013278,26,Collingwood,KEY_DEFENDER,12/12/2002,2020,194,Surrey Park (Vic)/Scotch College (Vic)/Oakleigh U18,2023,nationalDraft,23,Defender,12964,Reef,McInnes,23,19,0,Reef McInnes,,,
7,https://s.afl.com.au/staticfile/AFL Tenant/AFL/Players/ChampIDImages/AFL/2025014/1023025.png,CD_I1023025,7,West Coast Eagles,MEDIUM_DEFENDER,10/09/2004,2022,191,Dunsborough (WA)/East Perth (WAFL),2023,nationalDraft,9,Defender,13038,Reuben,Ginbey,63,2,0,Reuben Ginbey,,,
33,https://s.afl.com.au/staticfile/AFL Tenant/AFL/Players/ChampIDImages/AFL/2025014/1017718.png,CD_I1017718,33,West Coast Eagles,KEY_DEFENDER,17/10/2003,2021,195,South Mandurah (WA)/Guilford Gram (WA)/Swan Districts (WAFL),,nationalDraft,37,Defender,13000,Rhett,Bazzo,28,0,0,Rhett Bazzo,,,
26,https://s.afl.com.au/staticfile/AFL Tenant/AFL/Players/ChampIDImages/AFL/2025014/1008224.png,CD_I1008224,26,Sydney Swans,MEDIUM_DEFENDER,26/09/2000,2024,186,Albury FC/Werribee (VFL),2025,nationalDraft,41,Defender,13195,Riley,Bice,16,1,0,Riley Bice,,,
17,https://s.afl.com.au/staticfile/AFL Tenant/AFL/Players/ChampIDImages/AFL/2025014/1023625.png,CD_I1023625,17,North Melbourne,MEDIUM_DEFENDER,27/02/2005,2023,184,Caversham JFC (WA)/Swan Districts (WAFL),2025,nationalDraft,23,Defender,13130,Riley,Hardeman,20,0,0,Riley Hardeman,,,
13,https://s.afl.com.au/staticfile/AFL Tenant/AFL/Players/ChampIDImages/AFL/2025014/1011994.png,CD_I1011994,13,St Kilda,MEDIUM_DEFENDER,03/05/2001,2019,181,Beaumaris (Vic)/St Bede's College (Vic)/Sandringham U18,2022,nationalDraft,52,Defender,12802,Ryan,Byrnes,80,15,0,Ryan Byrnes,,,
41,https://s.afl.com.au/staticfile/AFL Tenant/AFL/Players/ChampIDImages/AFL/2025014/1013315.png,CD_I1013315,41,West Coast Eagles,KEY_DEFENDER,14/12/2002,2021,198,Palmerston (NT)/Peel Thunder (WAFL)/Gold Coast SUNS,,other,,Defender,13209,Sandy,Brock,14,0,0,Sandy Brock,,,
40,https://s.afl.com.au/staticfile/AFL Tenant/AFL/Players/ChampIDImages/AFL/2025014/1018016.png,CD_I1018016,40,Hawthorn,MEDIUM_DEFENDER,03/07/2002,2022,181,Robinvale (Vic)/Bendigo U18,2023,rookieElevation,6,Defender,13051,Seamus,Mitchell,28,0,0,Seamus Mitchell,,,
23,https://s.afl.com.au/staticfile/AFL Tenant/AFL/Players/ChampIDImages/AFL/2025014/294013.png,CD_I294013,23,Gold Coast SUNS,MEDIUM_DEFENDER,02/11/1994,2013,184,Salisbury (SA)/Port Adelaide (SANFL),2014,nationalDraft,27,Defender,12234,Sean,Lemmens,149,25,0,Sean Lemmens,,,
5,https://s.afl.com.au/staticfile/AFL Tenant/AFL/Players/ChampIDImages/AFL/2025014/1028538.png,CD_I1028538,5,St Kilda,MEDIUM_DEFENDER,26/10/2006,2024,188,Sandhurst FNC/Bendigo U18,2025,nationalDraft,8,Defender,12025,Tobie,Travaglia,12,2,0,Tobie Travaglia,,,
32,https://s.afl.com.au/staticfile/AFL Tenant/AFL/Players/ChampIDImages/AFL/2025014/1002138.png,CD_I1002138,32,North Melbourne,KEY_DEFENDER,11/08/1998,2024,194,Tantanoola (SA)/Glenelg (SANFL),2019,rookieElevation,1,Defender,12690,Toby,Pink,32,7,0,Toby Pink,,,
30,https://s.afl.com.au/staticfile/AFL Tenant/AFL/Players/ChampIDImages/AFL/2025014/1017086.png,CD_I1017086,30,Richmond,MEDIUM_DEFENDER,30/07/2003,2021,193,Mooroopna (Vic)/Geelong Grammar (Vic)/Murray U18,2024,nationalDraft,17,Defender,12446,Tom,Brown,42,10,0,Tom Brown,,,
12,https://s.afl.com.au/staticfile/AFL Tenant/AFL/Players/ChampIDImages/AFL/2025014/1000932.png,CD_I1000932,12,Brisbane Lions,MEDIUM_DEFENDER,01/03/1997,2015,190,"St Joseph's, Geel (Vic)/St Joseph's College, Geel (Vic)/Geel U18/Adelaide Crows",2018,nationalDraft,17,Defender,12833,Tom,Doedee,83,3,0,Tom Doedee,,,
45,https://s.afl.com.au/staticfile/AFL Tenant/AFL/Players/ChampIDImages/AFL/2025014/1036124.png,CD_I1036124,45,West Coast Eagles,MEDIUM_DEFENDER,12/07/2000,2025,187,Richmond (VFL)/West Coast (WAFL),,other,1,Defender,12627,Tom,McCarthy,10,0,0,Tom McCarthy,,,
45,https://s.afl.com.au/staticfile/AFL Tenant/AFL/Players/ChampIDImages/AFL/2025014/1018433.png,CD_I1018433,45,Richmond,KEY_DEFENDER,05/09/1998,2025,196,North Albury (NSW)/Frankston (VFL)/Richmond (VFL)/Richmond,2023,other,,Defender,13043,Tylar,Young,35,0,0,Tylar Young,,,
18,https://s.afl.com.au/staticfile/AFL Tenant/AFL/Players/ChampIDImages/AFL/2025014/1028551.png,CD_I1028551,18,North Melbourne,KEY_DEFENDER,20/12/2005,2023,200,Leongatha Junior Football Club (Vic)/Gippsland Power U18,,nationalDraft,22,Defender,13144,Wil,Dawson,8,0,0,Wil Dawson,,,
31,https://s.afl.com.au/staticfile/AFL Tenant/AFL/Players/ChampIDImages/AFL/2025014/1012817.png,CD_I1012817,31,Essendon,KEY_DEFENDER,02/03/2002,2020,202,Leongatha (Vic)/(Gippsland U18,2024,nationalDraft,10,Defender,12889,Zach,Reid,19,0,0,Zach Reid,,,
40,https://s.afl.com.au/staticfile/AFL Tenant/AFL/Players/ChampIDImages/AFL/2025014/1028519.png,CD_I1028519,40,Essendon,MEDIUM_DEFENDER,24/12/2006,2024,186,St Marys GJFC/Northern U18,,nationalDraft,70,Defender,13231,Zak,Johnson,9,0,0,Zak Johnson,,,
42,https://s.afl.com.au/staticfile/AFL Tenant/AFL/Players/ChampIDImages/AFL/2025014/295461.png,CD_I295461,42,Carlton,MEDIUM_DEFENDER,23/07/1994,2015,178,West Coburg (Vic)/Calder U18/Coburg (VFL)/GCS/Essendon,2015,rookieElevation,,Defender,12330,Adam,Saad,216,12,,Adam Saad,,,
4,https://s.afl.com.au/staticfile/AFL Tenant/AFL/Players/ChampIDImages/AFL/2025014/294508.png,CD_I294508,4,North Melbourne,KEY_DEFENDER,17/05/1994,2012,195,Macleod (Vic)/Northern U18/GWS,2013,nationalDraft,14,Defender,12181,Aidan,Corr,172,3,,Aidan Corr,,,
25,https://s.afl.com.au/staticfile/AFL Tenant/AFL/Players/ChampIDImages/AFL/2025014/298409.png,CD_I298409,25,Fremantle,KEY_DEFENDER,09/06/1995,2013,201,Ulverstone (Tas)/Devonport (Tas),2018,nationalDraft,37,Defender,12352,Alex,Pearce,138,9,,Alex Pearce,,,
21,https://s.afl.com.au/staticfile/AFL Tenant/AFL/Players/ChampIDImages/AFL/2025014/294469.png,CD_I294469,21,Port Adelaide,KEY_DEFENDER,05/09/1994,2013,194,Aspley (Qld)/East Fremantle (WAFL)/Sydney,2014,nationalDraft,44,Defender,12433,Aliir,Aliir,178,6,,Aliir Aliir,,,
1,https://s.afl.com.au/staticfile/AFL Tenant/AFL/Players/ChampIDImages/AFL/2025014/998102.png,CD_I998102,1,Essendon,MEDIUM_DEFENDER,02/06/1998,2016,180,East Brighton (Vic)/Brighton Grammar (Vic)/Sandringham U18,2017,nationalDraft,1,Defender,12491,Andrew,McGrath,180,21,,Andrew McGrath,,,
47,https://s.afl.com.au/staticfile/AFL Tenant/AFL/Players/ChampIDImages/AFL/2025014/1023784.png,CD_I1023784,47,St Kilda,KEY_DEFENDER,09/12/2003,2022,196,Heidelberg (Vic)/Carey Grammar (Vic)/Northern U18/Carlton (VFL),2023,preseason,,Defender,13035,Anthony,Caminiti,56,38,,Anthony Caminiti,,,
41,https://s.afl.com.au/staticfile/AFL Tenant/AFL/Players/ChampIDImages/AFL/2025014/998180.png,CD_I998180,41,Fremantle,MEDIUM_DEFENDER,26/02/1998,2020,190,Swanbourne (WA)/ Scotch College (WA)/Claremont (WAFL),2018,rookieElevation,22,Defender,12588,Bailey,Banfield,118,66,,Bailey Banfield,,,
31,https://s.afl.com.au/staticfile/AFL Tenant/AFL/Players/ChampIDImages/AFL/2025014/996708.png,CD_I996708,31,Western Bulldogs,MEDIUM_DEFENDER,22/07/1996,2014,188,Edithvale-Aspendale (Vic)/Dandenong U18,2015,nationalDraft,45,Defender,12354,Bailey,Dale,178,87,,Bailey Dale,,,
12,https://s.afl.com.au/staticfile/AFL Tenant/AFL/Players/ChampIDImages/AFL/2025014/1002403.png,CD_I1002403,12,Richmond,KEY_DEFENDER,31/08/1999,2017,198,Railways Kalgoorlie (WA)/Subiaco (WAFL),2024,nationalDraft,63,Defender,12941,Ben,Miller,69,9,,Ben Miller,,,
25,https://s.afl.com.au/staticfile/AFL Tenant/AFL/Players/ChampIDImages/AFL/2025014/1004985.png,CD_I1004985,25,Sydney Swans,MEDIUM_DEFENDER,19/10/1998,2024,187,Mitta United (Vic)/North Albury (NSW)/Murray U18/St Kilda,2018,rookieElevation,25,Defender,12671,Ben,Paton,75,4,,Ben Paton,,,
17,https://s.afl.com.au/staticfile/AFL Tenant/AFL/Players/ChampIDImages/AFL/2025014/991773.png,CD_I991773,17,Collingwood,KEY_DEFENDER,20/11/1996,2014,201,East Fremantle Power (WA)/South Fremantle (WAFL)/Port Adel/Adel,2020,nationalDraft,84,Defender,12676,Billy,Frampton,74,20,,Billy Frampton,,,
15,https://s.afl.com.au/staticfile/AFL Tenant/AFL/Players/ChampIDImages/AFL/2025014/993794.png,CD_I993794,15,Hawthorn,MEDIUM_DEFENDER,05/02/1997,2015,183,East Doncaster (Vic)/Eastern U18,2016,nationalDraft,44,Defender,12469,Blake,Hardwick,198,32,,Blake Hardwick,,,
32,https://s.afl.com.au/staticfile/AFL Tenant/AFL/Players/ChampIDImages/AFL/2025014/1017665.png,CD_I1017665,32,Gold Coast SUNS,MEDIUM_DEFENDER,25/07/2003,2021,188,Broadbeach (Qld)/All Saints Anglican School (Qld),2023,other,,Defender,13041,Bodhi,Uwland,49,1,,Bodhi Uwland,,,
37,https://s.afl.com.au/staticfile/AFL Tenant/AFL/Players/ChampIDImages/AFL/2025014/1002401.png,CD_I1002401,37,Brisbane Lions,MEDIUM_DEFENDER,24/07/1999,2017,188,Mt Lawley-Inglewood (WA)/Trinity Coll (WA)/East Perth (WAFL)/Brisbane,2019,nationalDraft,18,Defender,12668,Brandon,Starcevich,133,8,,Brandon Starcevich,,,
31,https://s.afl.com.au/staticfile/AFL Tenant/AFL/Players/ChampIDImages/AFL/2025014/1009410.png,CD_I1009410,31,Fremantle,MEDIUM_DEFENDER,17/10/2002,2020,186,Kardinya (WA)/East Fremantle (WAFL),2023,nationalDraft,50,Defender,12914,Brandon,Walker,66,2,,Brandon Walker,,,
25,https://s.afl.com.au/staticfile/AFL Tenant/AFL/Players/ChampIDImages/AFL/2025014/1004034.png,CD_I1004034,25,Port Adelaide,KEY_DEFENDER,25/08/1998,2017,195,Imperial Murray Bridge (SA)/Sturt (SANFL)/Essendon,2020,nationalDraft,66,Defender,12757,Brandon,Zerk-Thatcher,90,0,,Brandon Zerk-Thatcher,,,
4,https://s.afl.com.au/staticfile/AFL Tenant/AFL/Players/ChampIDImages/AFL/2025014/992010.png,CD_I992010,4,Collingwood,MEDIUM_DEFENDER,20/09/1996,2014,189,Hampton Rovers (Vic)/Sandringham U18,2016,nationalDraft,30,Defender,12371,Brayden,Maynard,229,25,,Brayden Maynard,,,
36,https://s.afl.com.au/staticfile/AFL Tenant/AFL/Players/ChampIDImages/AFL/2025014/997033.png,CD_I997033,36,Fremantle,KEY_DEFENDER,13/08/1998,2016,195,Woodville South (SA)/Woodville-West Torrens (SANFL),2018,nationalDraft,41,Defender,12544,Brennan,Cox,135,32,,Brennan Cox,,,
33,https://s.afl.com.au/staticfile/AFL Tenant/AFL/Players/ChampIDImages/AFL/2025014/291748.png,CD_I291748,33,Adelaide Crows,MEDIUM_DEFENDER,14/01/1992,2010,194,Henley (SA)/Woodville-West Torrens (SANFL),2011,nationalDraft,14,Defender,11891,Brodie,Smith,273,74,,Brodie Smith,,,
5,https://s.afl.com.au/staticfile/AFL Tenant/AFL/Players/ChampIDImages/AFL/2025014/295136.png,CD_I295136,5,North Melbourne,MEDIUM_DEFENDER,07/07/1996,2014,171,Edwardstown (SA)/South Adelaide (SANFL)/Western Bulldogs,2015,nationalDraft,46,Defender,12373,Caleb,Daniel,215,49,,Caleb Daniel,,,
14,https://s.afl.com.au/staticfile/AFL Tenant/AFL/Players/ChampIDImages/AFL/2025014/993905.png,CD_I993905,14,Sydney Swans,MEDIUM_DEFENDER,02/04/1997,2015,188,North Shore (NSW),2016,nationalDraft,3,Defender,12413,Callum,Mills,174,30,,Callum Mills,,,
44,https://s.afl.com.au/staticfile/AFL Tenant/AFL/Players/ChampIDImages/AFL/2025014/296422.png,CD_I296422,44,St Kilda,KEY_DEFENDER,10/03/1996,2018,191,Walkerville (SA) /North Adelaide (SANFL),2019,rookieElevation,3,Defender,12703,Callum,Wilkie,155,1,,Callum Wilkie,,,
9,https://s.afl.com.au/staticfile/AFL Tenant/AFL/Players/ChampIDImages/AFL/2025014/998390.png,CD_I998390,9,Hawthorn,MEDIUM_DEFENDER,13/06/1999,2017,185,Morwell (Vic)/Xavier College (Vic)/Gippsland U18/Hawthorn,2019,other,,Defender,12752,Changkuoth,Jiath,76,5,,Changkuoth Jiath,,,
3,https://s.afl.com.au/staticfile/AFL Tenant/AFL/Players/ChampIDImages/AFL/2025014/296359.png,CD_I296359,3,Melbourne,MEDIUM_DEFENDER,15/07/1995,2013,184,Hampton Rovers (Vic)/Sandringham U18,2015,nationalDraft,9,Defender,12272,Christian,Salem,199,27,,Christian Salem,,,
39,https://s.afl.com.au/staticfile/AFL Tenant/AFL/Players/ChampIDImages/AFL/2025014/1008083.png,CD_I1008083,39,GWS GIANTS,MEDIUM_DEFENDER,29/07/2000,2018,193,Drysdale (Vic)/Christian College (Vic)/Geelong U18,2021,nationalDraft,61,Defender,12750,Connor,Idun,117,0,,Connor Idun,,,
14,https://s.afl.com.au/staticfile/AFL Tenant/AFL/Players/ChampIDImages/AFL/2025014/1027877.png,CD_I1027877,14,Geelong Cats,KEY_DEFENDER,19/05/2005,2023,198,Albury Junior Football Club (NSW)/Murray Bushrangers U18,2025,nationalDraft,11,Defender,13122,Connor,OSullivan,27,0,,Connor OSullivan,,,
1,https://s.afl.com.au/staticfile/AFL Tenant/AFL/Players/ChampIDImages/AFL/2025014/1001299.png,CD_I1001299,1,Port Adelaide,MEDIUM_DEFENDER,22/01/2000,2018,185,South Augusta (SA)/North Adelaide (SANFL),2019,nationalDraft,5,Defender,12697,Connor,Rozee,150,124,,Connor Rozee,,,
18,https://s.afl.com.au/staticfile/AFL Tenant/AFL/Players/ChampIDImages/AFL/2025014/1015862.png,CD_I1015862,18,GWS GIANTS,MEDIUM_DEFENDER,22/04/2002,2025,189,East Malvern (Vic)/St Kevin's College (Vic)/Oakleigh U18,2022,rookieElevation,9,Defender,12886,Conor,Stone,20,4,,Conor Stone,,,
9,https://s.afl.com.au/staticfile/AFL Tenant/AFL/Players/ChampIDImages/AFL/2025014/994295.png,CD_I994295,9,Collingwood,MEDIUM_DEFENDER,12/05/1997,2024,186,Greythorn (Vic)/Camberwell Grammar (Vic)/Oakleigh U18/Port Adelaide,2017,other,,Defender,12495,Dan,Houston,189,48,,Dan Houston,,,
24,https://s.afl.com.au/staticfile/AFL Tenant/AFL/Players/ChampIDImages/AFL/2025014/290307.png,CD_I290307,24,Sydney Swans,MEDIUM_DEFENDER,02/06/1990,2025,187,Williamstown (VFL)/Eastern Suburbs (NSW)/Uni of NSW (NSW),2013,rookieElevation,18,Defender,12140,Dane,Rampe,272,9,,Dane Rampe,,,
17,https://s.afl.com.au/staticfile/AFL Tenant/AFL/Players/ChampIDImages/AFL/2025014/1000981.png,CD_I1000981,17,Gold Coast SUNS,MEDIUM_DEFENDER,16/04/1997,2015,179,St Mary's (NT)/East Point (Vic)/St Pat's Coll (Vic)/N Ball U18/Richmond,2016,nationalDraft,15,Defender,12403,Daniel,Rioli,203,117,,Daniel Rioli,,,
27,https://s.afl.com.au/staticfile/AFL Tenant/AFL/Players/ChampIDImages/AFL/2025014/296269.png,CD_I296269,27,Brisbane Lions,KEY_DEFENDER,22/09/1995,2013,192,Queenscliff (Vic)/St Joseph's College (Vic)/Geelong U18,2015,nationalDraft,22,Defender,12267,Darcy,Gardiner,184,14,,Darcy Gardiner,,,
30,https://s.afl.com.au/staticfile/AFL Tenant/AFL/Players/ChampIDImages/AFL/2025014/298288.png,CD_I298288,30,Collingwood,KEY_DEFENDER,25/01/1996,2014,203,Kew Comets (Vic)/Carey Grammar (Vic)/Oakleigh U18,2016,fatherSon,9,Defender,12372,Darcy,Moore,195,67,,Darcy Moore,,,
44,https://s.afl.com.au/staticfile/AFL Tenant/AFL/Players/ChampIDImages/AFL/2025014/1017067.png,CD_I1017067,44,Brisbane Lions,MEDIUM_DEFENDER,31/12/2003,2021,183,Montmorency (Vic)/Hazel Glen College (Vic)/Northern U18,2023,nationalDraft,16,Defender,13026,Darcy,Wilmot,84,12,,Darcy Wilmot,,,
15,https://s.afl.com.au/staticfile/AFL Tenant/AFL/Players/ChampIDImages/AFL/2025014/261224.png,CD_I261224,15,Brisbane Lions,MEDIUM_DEFENDER,09/02/1989,2011,175,Surfers Paradise (Qld)/Broadbeach (Qld),2013,other,,Defender,12076,Dayne,Zorko,305,237,,Dayne Zorko,,,
20,https://s.afl.com.au/staticfile/AFL Tenant/AFL/Players/ChampIDImages/AFL/2025014/993480.png,CD_I993480,20,St Kilda,KEY_DEFENDER,25/03/1996,2014,199,Wagga Tigers (NSW)/Murray U18/Port Adelaide,2015,nationalDraft,56,Defender,12420,Dougal,Howard,138,15,,Dougal Howard,,,
27,https://s.afl.com.au/staticfile/AFL Tenant/AFL/Players/ChampIDImages/AFL/2025014/1002220.png,CD_I1002220,27,Port Adelaide,KEY_DEFENDER,24/07/1998,2016,197,Cobram (Vic)/Murray U18/Geelong Cats,2018,nationalDraft,43,Defender,12597,Esava,Ratugolea,111,42,,Esava Ratugolea,,,
19,https://s.afl.com.au/staticfile/AFL Tenant/AFL/Players/ChampIDImages/AFL/2025014/997933.png,CD_I997933,19,North Melbourne,KEY_DEFENDER,13/04/1998,2016,193,Kalamunda (WA)/Guildford Grammar (WA)/Swan Dists (WAFL)/Fremantle,2017,nationalDraft,8,Defender,12511,Griffin,Logue,97,11,,Griffin Logue,,,
31,https://s.afl.com.au/staticfile/AFL Tenant/AFL/Players/ChampIDImages/AFL/2025014/996059.png,CD_I996059,31,Brisbane Lions,KEY_DEFENDER,11/12/1996,2014,200,Aspley (NEAFL),2015,nationalDraft,61,Defender,12340,Harris,Andrews,240,11,,Harris Andrews,,,
7,https://s.afl.com.au/staticfile/AFL Tenant/AFL/Players/ChampIDImages/AFL/2025014/291978.png,CD_I291978,7,Sydney Swans,MEDIUM_DEFENDER,06/12/1993,2012,181,Turvey Park (NSW)/NSW-ACT U18/Wagga (NSW),2012,rookieElevation,107,Defender,12462,Harry,Cunningham,219,52,,Harry Cunningham,,,
27,https://s.afl.com.au/staticfile/AFL Tenant/AFL/Players/ChampIDImages/AFL/2025014/993107.png,CD_I993107,27,GWS GIANTS,MEDIUM_DEFENDER,08/05/1996,2015,195,Mangoplah-CUE (NSW)/NSW-ACT U18/Eastlake (NEAFL),2017,nationalDraft,16,Defender,12566,Harry,Himmelberg,201,164,,Harry Himmelberg,,,
12,https://s.afl.com.au/staticfile/AFL Tenant/AFL/Players/ChampIDImages/AFL/2025014/998205.png,CD_I998205,12,Collingwood,MEDIUM_DEFENDER,19/12/1998,2016,187,Collingullie-Glenfield Park (NSW)/NSW-ACT U18/GWS GIANTS,2017,nationalDraft,14,Defender,12653,Harry,Perryman,154,32,,Harry Perryman,,,
12,https://s.afl.com.au/staticfile/AFL Tenant/AFL/Players/ChampIDImages/AFL/2025014/1017087.png,CD_I1017087,12,Western Bulldogs,MEDIUM_DEFENDER,26/09/2003,2022,181,Sandhurst (Vic)/Bendigo U18,2024,nationalDraft,39,Defender,13102,Harvey,Gallagher,25,9,,Harvey Gallagher,,,
5,https://s.afl.com.au/staticfile/AFL Tenant/AFL/Players/ChampIDImages/AFL/2025014/1013224.png,CD_I1013224,5,Fremantle,MEDIUM_DEFENDER,31/01/2002,2020,193,Joondalup-Kinross (WA)/West Perth (WAFL),2021,nationalDraft,14,Defender,12875,Heath,Chapman,65,2,,Heath Chapman,,,
40,https://s.afl.com.au/staticfile/AFL Tenant/AFL/Players/ChampIDImages/AFL/2025014/1023534.png,CD_I1023534,40,Adelaide Crows,MEDIUM_DEFENDER,25/09/2004,2022,185,North Ballarat (Vic)/Ballarat Grammar (Vic)/GWV U18,2025,nationalDraft,50,Defender,13165,Hugh,Bond,12,0,,Hugh Bond,,,
3,https://s.afl.com.au/staticfile/AFL Tenant/AFL/Players/ChampIDImages/AFL/2025014/1008089.png,CD_I1008089,3,Collingwood,MEDIUM_DEFENDER,15/01/2000,2018,180,East Doncaster (Vic)/Oakleigh U18,2019,nationalDraft,13,Defender,12740,Isaac,Quaynor,133,5,,Isaac Quaynor,,,
44,https://s.afl.com.au/staticfile/AFL Tenant/AFL/Players/ChampIDImages/AFL/2025014/1009708.png,CD_I1009708,44,GWS GIANTS,KEY_DEFENDER,17/12/1997,2017,195,University of NSW-Eastern Suburbs (NSW),2021,other,,Defender,12846,Jack,Buckley,85,1,,Jack Buckley,,,
38,https://s.afl.com.au/staticfile/AFL Tenant/AFL/Players/ChampIDImages/AFL/2025014/1000937.png,CD_I1000937,38,Geelong Cats,KEY_DEFENDER,29/08/1998,2016,192,"St Mary's, Geelong (Vic)/St Joseph's College/Geelong U18",2017,rookieElevation,16,Defender,12607,Jack,Henry,165,24,,Jack Henry,,,
40,https://s.afl.com.au/staticfile/AFL Tenant/AFL/Players/ChampIDImages/AFL/2025014/1002347.png,CD_I1002347,40,Brisbane Lions,KEY_DEFENDER,15/10/1999,2017,196,Noosa (Qld)/Brisbane (NEAFL),2018,nationalDraft,54,Defender,12819,Jack,Payne,81,2,,Jack Payne,,,
14,https://s.afl.com.au/staticfile/AFL Tenant/AFL/Players/ChampIDImages/AFL/2025014/998114.png,CD_I998114,14,Hawthorn,MEDIUM_DEFENDER,04/09/1998,2016,194,Beaumaris (Vic)/Haileybury College (Vic)/Sandr U18/Gold Coast,2019,nationalDraft,7,Defender,12565,Jack,Scrimshaw,123,11,,Jack Scrimshaw,,,
35,https://s.afl.com.au/staticfile/AFL Tenant/AFL/Players/ChampIDImages/AFL/2025014/994389.png,CD_I994389,35,St Kilda,MEDIUM_DEFENDER,12/02/1995,2015,181,Kew Comets (Vic)/Old Scotch (Vic)/Oakleigh U18,2015,rookieElevation,,Defender,12325,Jack,Sinclair,210,69,,Jack Sinclair,,,
23,https://s.afl.com.au/staticfile/AFL Tenant/AFL/Players/ChampIDImages/AFL/2025014/993832.png,CD_I993832,23,Carlton,KEY_DEFENDER,23/11/1997,2015,195,Mt Martha (Vic)/Peninsula Grammar (Vic)/Dandenong U18,2016,nationalDraft,1,Defender,13048,Jacob,Weitering,204,11,,Jacob Weitering,,,
17,https://s.afl.com.au/staticfile/AFL Tenant/AFL/Players/ChampIDImages/AFL/2025014/1012825.png,CD_I1012825,17,Melbourne,MEDIUM_DEFENDER,12/09/2002,2020,175,Highett (Vic)/Sandringham U18,2021,nationalDraft,21,Defender,12931,Jake,Bowey,84,8,,Jake Bowey,,,
8,https://s.afl.com.au/staticfile/AFL Tenant/AFL/Players/ChampIDImages/AFL/2025014/298281.png,CD_I298281,8,Melbourne,MEDIUM_DEFENDER,05/03/1996,2014,194,Romsey (Vic)/Calder U18/Adelaide,2016,nationalDraft,14,Defender,12351,Jake,Lever,186,5,,Jake Lever,,,
11,https://s.afl.com.au/staticfile/AFL Tenant/AFL/Players/ChampIDImages/AFL/2025014/295067.png,CD_I295067,11,Fremantle,MEDIUM_DEFENDER,08/11/1995,2013,183,Payneham Norwood Union (SA)/Norwood (SANFL)/BL/Coll,2014,nationalDraft,7,Defender,12250,James,Aish,186,33,,James Aish,,,
18,https://s.afl.com.au/staticfile/AFL Tenant/AFL/Players/ChampIDImages/AFL/2025014/1032966.png,CD_I1032966,18,Western Bulldogs,KEY_DEFENDER,31/08/2002,2022,197,Kew (Vic)/Xavier College (Vic),2025,other,,Defender,13061,James,ODonnell,48,7,,James O'Donnell,,,
6,https://s.afl.com.au/staticfile/AFL Tenant/AFL/Players/ChampIDImages/AFL/2025014/297566.png,CD_I297566,6,Hawthorn,MEDIUM_DEFENDER,06/01/1995,2013,188,Keilor (Vic)/Western U18,2015,nationalDraft,56,Defender,12332,James,Sicily,179,76,,James Sicily,,,
4,https://s.afl.com.au/staticfile/AFL Tenant/AFL/Players/ChampIDImages/AFL/2025014/296254.png,CD_I296254,4,Hawthorn,MEDIUM_DEFENDER,09/07/1995,2013,178,Shepparton Swans (Vic)/Murray U18/Port Adelaide,2014,nationalDraft,21,Defender,12237,Jarman,Impey,221,68,,Jarman Impey,,,
39,https://s.afl.com.au/staticfile/AFL Tenant/AFL/Players/ChampIDImages/AFL/2025014/294101.png,CD_I294101,39,Western Bulldogs,MEDIUM_DEFENDER,08/11/1992,2012,181,Willetton (WA)/East Fremantle (WAFL),2012,rookieElevation,105,Defender,12122,Jason,Johannisen,212,77,,Jason Johannisen,,,
3,https://s.afl.com.au/staticfile/AFL Tenant/AFL/Players/ChampIDImages/AFL/2025014/1023708.png,CD_I1023708,3,Brisbane Lions,MEDIUM_DEFENDER,24/02/2004,2022,184,Coorparoo (Qld) /Sherwood (QAFL),2024,fatherSon,12,Defender,13072,Jaspa,Fletcher,69,20,,Jaspa Fletcher,,,
25,https://s.afl.com.au/staticfile/AFL Tenant/AFL/Players/ChampIDImages/AFL/2025014/1009386.png,CD_I1009386,25,Essendon,MEDIUM_DEFENDER,04/06/2001,2019,189,Sorrento-Duncraig (WA)/West Perth (WAFL)/Brisbane Lions,2023,nationalDraft,59,Defender,12874,Jaxon,Prior,62,11,,Jaxon Prior,,,
15,https://s.afl.com.au/staticfile/AFL Tenant/AFL/Players/ChampIDImages/AFL/2025014/298280.png,CD_I298280,15,Essendon,KEY_DEFENDER,12/04/1996,2014,193,Keilor (Vic)/PEGS (Vic)/Western U18/Essendon,2015,nationalDraft,20,Defender,12377,Jayden,Laverde,145,38,,Jayden Laverde,,,
15,https://s.afl.com.au/staticfile/AFL Tenant/AFL/Players/ChampIDImages/AFL/2025014/992049.png,CD_I992049,15,Richmond,MEDIUM_DEFENDER,24/01/1996,2016,178,Bundoora (Vic)/Northern U18,2015,rookieElevation,,Defender,12418,Jayden,Short,190,38,,Jayden Short,,,
24,https://s.afl.com.au/staticfile/AFL Tenant/AFL/Players/ChampIDImages/AFL/2025014/293883.png,CD_I293883,24,Geelong Cats,MEDIUM_DEFENDER,14/12/1993,2011,186,Leopold (Vic)/Geelong U18,2012,fatherSon,86,Defender,12278,Jed,Bews,175,16,,Jed Bews,,,
38,https://s.afl.com.au/staticfile/AFL Tenant/AFL/Players/ChampIDImages/AFL/2025014/291313.png,CD_I291313,38,Collingwood,MEDIUM_DEFENDER,29/06/1990,2010,190,Dodges Ferry (Tas)/Hobart (Tas)/Melbourne,2011,nationalDraft,33,Defender,11967,Jeremy,Howe,271,103,,Jeremy Howe,,,
20,https://s.afl.com.au/staticfile/AFL Tenant/AFL/Players/ChampIDImages/AFL/2025014/294859.png,CD_I294859,20,West Coast Eagles,KEY_DEFENDER,15/04/1992,2013,197,North Albany (WA)/Claremont (WAFL),2014,rookieElevation,74,Defender,12273,Jeremy,McGovern,197,38,,Jeremy McGovern,,,
29,https://s.afl.com.au/staticfile/AFL Tenant/AFL/Players/ChampIDImages/AFL/2025014/290757.png,CD_I290757,29,St Kilda,MEDIUM_DEFENDER,28/06/1993,2011,188,Brighton (Tas)/Glenorchy (Tas),2013,nationalDraft,42,Defender,12188,Jimmy,Webster,180,4,,Jimmy Webster,,,
37,https://s.afl.com.au/staticfile/AFL Tenant/AFL/Players/ChampIDImages/AFL/2025014/1032629.png,CD_I1032629,37,GWS GIANTS,MEDIUM_DEFENDER,24/12/2004,2023,189,East Fremantle JFC (WA)/Claremont (WAFL),,nationalDraft,44,Defender,13164,Joe,Fonti,22,0,,Joe Fonti,,,
29,https://s.afl.com.au/staticfile/AFL Tenant/AFL/Players/ChampIDImages/AFL/2025014/295222.png,CD_I295222,29,Sydney Swans,KEY_DEFENDER,09/04/1993,2024,194,Cable Beach (WA)/Claremont (WAFL)/Geelong List/Western Bulldogs/Fremantle/Sydney Swans,2012,rookieElevation,33,Defender,12359,Joel,Hamling,105,3,,Joel Hamling,,,
40,https://s.afl.com.au/staticfile/AFL Tenant/AFL/Players/ChampIDImages/AFL/2025014/1005992.png,CD_I1005992,40,Gold Coast SUNS,MEDIUM_DEFENDER,12/03/2002,2020,192,Wanderers (NT)/Suns Academy,2023,other,,Defender,12933,Joel,Jeffrey,53,21,,Joel Jeffrey,,,
2,https://s.afl.com.au/staticfile/AFL Tenant/AFL/Players/ChampIDImages/AFL/2025014/1000072.png,CD_I1000072,2,Gold Coast SUNS,MEDIUM_DEFENDER,25/03/1997,2019,180,Plympton (SA)/West Adelaide (SANFL)/Collingwood,2020,other,14,Defender,12743,John,Noble,137,11,,John Noble,,,
37,https://s.afl.com.au/staticfile/AFL Tenant/AFL/Players/ChampIDImages/AFL/2025014/1002795.png,CD_I1002795,37,Carlton,MEDIUM_DEFENDER,22/09/1998,2021,182,Spotswood (Vic)/Footscray (VFL),2022,other,20,Defender,12965,Jordan,Boyd,38,1,,Jordan Boyd,,,
6,https://s.afl.com.au/staticfile/AFL Tenant/AFL/Players/ChampIDImages/AFL/2025014/1006152.png,CD_I1006152,6,Fremantle,MEDIUM_DEFENDER,16/10/2000,2018,185,"Railways, Albany (WA)/Claremont (WAFL)/Geelong",2019,nationalDraft,15,Defender,12688,Jordan,Clark,126,24,,Jordan Clark,,,
14,https://s.afl.com.au/staticfile/AFL Tenant/AFL/Players/ChampIDImages/AFL/2025014/1001026.png,CD_I1001026,14,Essendon,MEDIUM_DEFENDER,20/10/1998,2016,195,East Burwood (Vic)/Box Hill High School (Vic)/Oakleigh U18,2017,nationalDraft,22,Defender,12318,Jordan,Ridley,104,2,,Jordan Ridley,,,
24,https://s.afl.com.au/staticfile/AFL Tenant/AFL/Players/ChampIDImages/AFL/2025014/998134.png,CD_I998134,24,Hawthorn,KEY_DEFENDER,01/09/1998,2016,193,Doveton (Vic)/Haileybury College (Vic)/Dandenong U18/St Kilda,2019,nationalDraft,39,Defender,12558,Josh,Battle,149,30,,Josh Battle,,,
7,https://s.afl.com.au/staticfile/AFL Tenant/AFL/Players/ChampIDImages/AFL/2025014/1005054.png,CD_I1005054,7,Collingwood,MEDIUM_DEFENDER,26/11/1998,2016,178,Greythorn (Vic)/Bulleen-Templestowe (Vic)/Oakleigh U18,2017,fatherSon,57,Defender,12573,Josh,Daicos,151,67,,Josh Daicos,,,
18,https://s.afl.com.au/staticfile/AFL Tenant/AFL/Players/ChampIDImages/AFL/2025014/1017059.png,CD_I1017059,18,Richmond,KEY_DEFENDER,04/04/2003,2021,196,"East Point (Vic)/St Patrick's College, Ballarat (Vic)/GWV U18",2022,nationalDraft,9,Defender,12408,Josh,Gibcus,21,3,,Josh Gibcus,,,
8,https://s.afl.com.au/staticfile/AFL Tenant/AFL/Players/ChampIDImages/AFL/2025014/1017078.png,CD_I1017078,8,Port Adelaide,MEDIUM_DEFENDER,07/01/2003,2021,187,East Brighton (Vic)/Xavier College (Vic)/Sandr U18/Old Xaverians (Vic),2022,nationalDraft,12,Defender,12953,Josh,Sinn,30,1,,Josh Sinn,,,
23,https://s.afl.com.au/staticfile/AFL Tenant/AFL/Players/ChampIDImages/AFL/2025014/1027935.png,CD_I1027935,23,Hawthorn,MEDIUM_DEFENDER,25/05/2004,2022,191,Templestowe (Vic)/Carey Grammar (Vic)/Oakleigh U18,2025,nationalDraft,18,Defender,12955,Josh,Weddle,60,23,,Josh Weddle,,,
24,https://s.afl.com.au/staticfile/AFL Tenant/AFL/Players/ChampIDImages/AFL/2025014/1011981.png,CD_I1011981,24,Adelaide Crows,MEDIUM_DEFENDER,11/04/2001,2019,195,Bentleigh (Vic)/Haileybury College (Vic)/Sandringham U18,2024,nationalDraft,28,Defender,13057,Josh,Worrell,55,0,,Josh Worrell,,,
4,https://s.afl.com.au/staticfile/AFL Tenant/AFL/Players/ChampIDImages/AFL/2025014/1017703.png,CD_I1017703,4,Melbourne,MEDIUM_DEFENDER,07/08/2003,2025,185,Geraldton (WA)/Geraldton Senior HS (WA)/East Fremantle (WAFL)/Melbourne,2023,other,,Defender,13033,Judd,McVee,65,1,,Judd McVee,,,
6,https://s.afl.com.au/staticfile/AFL Tenant/AFL/Players/ChampIDImages/AFL/2025014/1002253.png,CD_I1002253,6,Port Adelaide,MEDIUM_DEFENDER,17/03/1999,2017,182,Castlemaine (Vic)/Bendigo U18,2020,nationalDraft,51,Defender,12664,Kane,Farrell,114,49,,Kane Farrell,,,
10,https://s.afl.com.au/staticfile/AFL Tenant/AFL/Players/ChampIDImages/AFL/2025014/297354.png,CD_I297354,10,Hawthorn,MEDIUM_DEFENDER,19/08/1995,2013,181,East Sandringham (Vic)/Sandringham U18/Port Adelaide,2014,nationalDraft,68,Defender,12357,Karl,Amon,195,72,,Karl Amon,,,
23,https://s.afl.com.au/staticfile/AFL Tenant/AFL/Players/ChampIDImages/AFL/2025014/1021015.png,CD_I1021015,23,Fremantle,MEDIUM_DEFENDER,16/06/2002,2021,188,East Burwood (Vic)/Oakleigh U18,2024,rookieElevation,8,Defender,13075,Karl,Worner,31,0,,Karl Worner,,,
18,https://s.afl.com.au/staticfile/AFL Tenant/AFL/Players/ChampIDImages/AFL/2025014/1006059.png,CD_I1006059,18,Brisbane Lions,MEDIUM_DEFENDER,31/03/2000,2019,182,Morningside (Qld)/Brisbane (NEAFL),2021,nationalDraft,37,Defender,12838,Keidean,Coleman,66,14,,Keidean Coleman,,,
7,https://s.afl.com.au/staticfile/AFL Tenant/AFL/Players/ChampIDImages/AFL/2025014/1009253.png,CD_I1009253,7,GWS GIANTS,MEDIUM_DEFENDER,21/06/2001,2019,188,Shepparton Bears (Vic)/Notre Dame College (Vic)/Murray U18,2020,nationalDraft,4,Defender,12782,Lachie,Ash,125,8,,Lachie Ash,,,
34,https://s.afl.com.au/staticfile/AFL Tenant/AFL/Players/ChampIDImages/AFL/2025014/1011583.png,CD_I1011583,34,Port Adelaide,MEDIUM_DEFENDER,09/04/2002,2020,186,Bute-Paskville (SA)/Woodville-West Torrens (SANFL),2021,nationalDraft,16,Defender,12882,Lachie,Jones,74,7,,Lachie Jones,,,
6,https://s.afl.com.au/staticfile/AFL Tenant/AFL/Players/ChampIDImages/AFL/2025014/294305.png,CD_I294305,6,GWS GIANTS,MEDIUM_DEFENDER,18/07/1994,2012,185,Mount Martha (Vic)/Mornington (Vic)/Peninsula Gram (Vic)/Dand U18,2013,nationalDraft,1,Defender,12143,Lachie,Whitfield,257,71,,Lachie Whitfield,,,
29,https://s.afl.com.au/staticfile/AFL Tenant/AFL/Players/ChampIDImages/AFL/2025014/1000864.png,CD_I1000864,29,Western Bulldogs,MEDIUM_DEFENDER,19/04/1998,2020,182,Sunbury (Vic)/Calder U18/Williamstown (VFL)/Box Hill Hawks (VFL)/Hawthorn,2021,preseason,,Defender,12916,Lachlan,Bramble,77,9,,Lachlan Bramble,,,
2,https://s.afl.com.au/staticfile/AFL Tenant/AFL/Players/ChampIDImages/AFL/2025014/1021353.png,CD_I1021353,2,Carlton,MEDIUM_DEFENDER,01/12/2004,2022,188,Devonport (Tas)/Tasmania U18,2023,nationalDraft,30,Defender,13028,Lachlan,Cowan,38,2,,Lachlan Cowan,,,
17,https://s.afl.com.au/staticfile/AFL Tenant/AFL/Players/ChampIDImages/AFL/2025014/1013464.png,CD_I1013464,17,Geelong Cats,MEDIUM_DEFENDER,24/04/2003,2023,182,Wickham Wolves JFC (WA)/Swan Districts (WAFL),2025,nationalDraft,63,Defender,13160,Lawson,Humphries,37,5,,Lawson Humphries,,,
21,https://s.afl.com.au/staticfile/AFL Tenant/AFL/Players/ChampIDImages/AFL/2025014/1008691.png,CD_I1008691,21,GWS GIANTS,KEY_DEFENDER,21/08/2001,2021,194,Angle Vale (SA)/Central District (SANFL),2023,nationalDraft,15,Defender,13020,Leek,Aleer,25,0,,Leek Aleer,,,
43,https://s.afl.com.au/staticfile/AFL Tenant/AFL/Players/ChampIDImages/AFL/2025014/996743.png,CD_I996743,43,Sydney Swans,KEY_DEFENDER,04/11/1996,2017,194,Birregurra (Vic)/Geelong U18,2015,rookieElevation,,Defender,12526,Lewis,Melican,101,2,,Lewis Melican,,,
33,https://s.afl.com.au/staticfile/AFL Tenant/AFL/Players/ChampIDImages/AFL/2025014/997316.png,CD_I997316,33,Carlton,KEY_DEFENDER,20/12/1998,2016,202,Mitcham (SA)/Sturt (SANFL)/Western Bulldogs,2017,nationalDraft,49,Defender,12559,Lewis,Young,80,9,,Lewis Young,,,
3,https://s.afl.com.au/staticfile/AFL Tenant/AFL/Players/ChampIDImages/AFL/2025014/1000223.png,CD_I1000223,3,West Coast Eagles,MEDIUM_DEFENDER,27/01/1998,2024,173,Lake Grace (WA)/West Perth (WAFL)/Subiaco (WAFL)/Richmond,2019,other,,Defender,12661,Liam,Baker,151,59,,Liam Baker,,,
14,https://s.afl.com.au/staticfile/AFL Tenant/AFL/Players/ChampIDImages/AFL/2025014/298268.png,CD_I298268,14,West Coast Eagles,MEDIUM_DEFENDER,11/12/1996,2014,186,Bacchus Marsh (Vic)/Western U18,2015,nationalDraft,11,Defender,12334,Liam,Duggan,200,15,,Liam Duggan,,,
19,https://s.afl.com.au/staticfile/AFL Tenant/AFL/Players/ChampIDImages/AFL/2025014/281078.png,CD_I281078,19,Western Bulldogs,KEY_DEFENDER,24/02/1991,2008,199,North Hobart (Tas)/Tasmania U18/Scotch Coll (Vic)/WB/Carl/Palm Beach-Currumbin (Qld),2010,nationalDraft,32,Defender,11866,Liam,Jones,205,84,,Liam Jones,,,
14,https://s.afl.com.au/staticfile/AFL Tenant/AFL/Players/ChampIDImages/AFL/2025014/1008312.png,CD_I1008312,14,St Kilda,MEDIUM_DEFENDER,23/01/2000,2018,184,East Sandr (Vic)/Old Haileybury (Vic)/H'bury Coll (Vic)/Sandr U18/Carlton,2023,nationalDraft,19,Defender,12721,Liam,Stocker,84,2,,Liam Stocker,,,
22,https://s.afl.com.au/staticfile/AFL Tenant/AFL/Players/ChampIDImages/AFL/2025014/1019938.png,CD_I1019938,22,Port Adelaide,MEDIUM_DEFENDER,07/10/2005,2024,190,Hectorville/Norwood (SANFL),2025,other,12,Defender,13156,Logan,Evans,23,3,,Logan Evans,,,
11,https://s.afl.com.au/staticfile/AFL Tenant/AFL/Players/ChampIDImages/AFL/2025014/296355.png,CD_I296355,11,North Melbourne,MEDIUM_DEFENDER,09/02/1995,2013,189,Kew Comets (Vic)/Oakleigh U18/Werribee (VFL),2014,fatherSon,8,Defender,12246,Luke,McDonald,218,18,,Luke McDonald,,,
13,https://s.afl.com.au/staticfile/AFL Tenant/AFL/Players/ChampIDImages/AFL/2025014/998659.png,CD_I998659,13,Fremantle,MEDIUM_DEFENDER,06/02/1996,2016,186,Moonee Valley (Vic)/Calder U18/Maribyrnong Park/Coburg (VFL),2018,nationalDraft,66,Defender,12542,Luke,Ryan,179,3,,Luke Ryan,,,
1,https://s.afl.com.au/staticfile/AFL Tenant/AFL/Players/ChampIDImages/AFL/2025014/1017396.png,CD_I1017396,1,Gold Coast SUNS,KEY_DEFENDER,04/12/2003,2021,202,"Berwick (Vic)/St Joseph's School, Ferntree Gully (Vic)/Dand U18",2024,nationalDraft,5,Defender,13019,Mac,Andrew,65,12,,Mac Andrew,,,
48,https://s.afl.com.au/staticfile/AFL Tenant/AFL/Players/ChampIDImages/AFL/2025014/1013974.png,CD_I1013974,48,Adelaide Crows,KEY_DEFENDER,17/03/2000,2018,194,County Cork (Ireland)/Collingwood,2020,other,,Defender,12809,Mark,Keane,56,0,,Mark Keane,,,
42,https://s.afl.com.au/staticfile/AFL Tenant/AFL/Players/ChampIDImages/AFL/2025014/1007102.png,CD_I1007102,42,Geelong Cats,MEDIUM_DEFENDER,17/01/1997,2016,189,County Kerry (Ireland),2018,other,,Defender,12531,Mark,OConnor,148,10,,Mark O'Connor,,,
27,https://s.afl.com.au/staticfile/AFL Tenant/AFL/Players/ChampIDImages/AFL/2025014/997078.png,CD_I997078,27,Essendon,MEDIUM_DEFENDER,26/08/1997,2015,187,Millicent (SA)/Glenelg (SANFL),2017,nationalDraft,30,Defender,12437,Mason,Redman,143,24,,Mason Redman,,,
34,https://s.afl.com.au/staticfile/AFL Tenant/AFL/Players/ChampIDImages/AFL/2025014/1012210.png,CD_I1012210,34,Sydney Swans,MEDIUM_DEFENDER,31/07/2003,2021,184,Langhorne Creek (SA)/St Peter's Coll (SA)/South Adelaide (SANFL),2022,nationalDraft,34,Defender,12612,Matt,Roberts,48,4,,Matt Roberts,,,
16,https://s.afl.com.au/staticfile/AFL Tenant/AFL/Players/ChampIDImages/AFL/2025014/1015370.png,CD_I1015370,16,Adelaide Crows,MEDIUM_DEFENDER,26/02/2004,2022,190,Glenunga (SA)/Norwood (SANFL),2023,fatherSon,17,Defender,13027,Max,Michalanney,66,4,,Max Michalanney,,,
14,https://s.afl.com.au/staticfile/AFL Tenant/AFL/Players/ChampIDImages/AFL/2025014/1009191.png,CD_I1009191,14,Port Adelaide,MEDIUM_DEFENDER,18/10/2001,2019,190,Hampton Rovers (Vic)/St Bede's College (Vic)/Sandringham U18,2021,nationalDraft,14,Defender,12867,Miles,Bergman,102,26,,Miles Bergman,,,
22,https://s.afl.com.au/staticfile/AFL Tenant/AFL/Players/ChampIDImages/AFL/2025014/281065.png,CD_I281065,22,Geelong Cats,MEDIUM_DEFENDER,10/06/1991,2009,188,Carine (WA)/East Perth (WAFL),2010,nationalDraft,28,Defender,11798,Mitch,Duncan,305,185,,Mitch Duncan,,,
11,https://s.afl.com.au/staticfile/AFL Tenant/AFL/Players/ChampIDImages/AFL/2025014/297255.png,CD_I297255,11,Carlton,MEDIUM_DEFENDER,11/10/1994,2014,190,North Albany (WA)/Claremont (WAFL)/Adelaide,2016,nationalDraft,43,Defender,12636,Mitch,McGovern,145,120,,Mitch McGovern,,,
20,https://s.afl.com.au/staticfile/AFL Tenant/AFL/Players/ChampIDImages/AFL/2025014/1004863.png,CD_I1004863,20,Adelaide Crows,MEDIUM_DEFENDER,28/06/1998,2020,187,Mundulla (SA)/Glenelg (SANFL)/Brisbane,2021,other,,Defender,12948,Mitch,Hinge,89,8,,Mitch Hinge,,,
7,https://s.afl.com.au/staticfile/AFL Tenant/AFL/Players/ChampIDImages/AFL/2025014/1015507.png,CD_I1015507,7,St Kilda,MEDIUM_DEFENDER,22/02/2003,2021,187,Marion (SA)/Glenelg (SANFL),2022,nationalDraft,11,Defender,12950,Nasiah,Wanganeen-Milera,86,23,,Nasiah Wanganeen-Milera,,,
35,https://s.afl.com.au/staticfile/AFL Tenant/AFL/Players/ChampIDImages/AFL/2025014/295203.png,CD_I295203,35,Richmond,MEDIUM_DEFENDER,15/04/1993,2015,192,Upper Swan (WA)/Swan Districts (WAFL),2016,nationalDraft,67,Defender,12456,Nathan,Broad,170,4,,Nathan Broad,,,
22,https://s.afl.com.au/staticfile/AFL Tenant/AFL/Players/ChampIDImages/AFL/2025014/1006028.png,CD_I1006028,22,Sydney Swans,MEDIUM_DEFENDER,27/02/2000,2018,196,University of NSW-Eastern Suburbs (NSW),2019,nationalDraft,10,Defender,12899,Nick,Blakey,151,49,,Nick Blakey,,,
17,https://s.afl.com.au/staticfile/AFL Tenant/AFL/Players/ChampIDImages/AFL/2025014/1005717.png,CD_I1005717,17,Western Bulldogs,MEDIUM_DEFENDER,23/10/1999,2017,191,Eltham (Vic)/Northern U18/St Kilda,2018,nationalDraft,8,Defender,12943,Nick,Coffield,64,2,,Nick Coffield,,,
26,https://s.afl.com.au/staticfile/AFL Tenant/AFL/Players/ChampIDImages/AFL/2025014/295265.png,CD_I295265,26,Carlton,MEDIUM_DEFENDER,18/05/1992,2011,192,Frankston Bombers (Vic)/Dandenong U18,2012,nationalDraft,7,Defender,12307,Nick,Haynes,234,13,,Nick Haynes,,,
9,https://s.afl.com.au/staticfile/AFL Tenant/AFL/Players/ChampIDImages/AFL/2025014/1008230.png,CD_I1008230,9,Adelaide Crows,KEY_DEFENDER,18/12/2000,2020,195,Wangaratta Rovers/Adelaide (SANFL),2021,preseason,,Defender,12872,Nick,Murray,67,1,,Nick Murray,,,
1,https://s.afl.com.au/staticfile/AFL Tenant/AFL/Players/ChampIDImages/AFL/2025014/294674.png,CD_I294674,1,Richmond,MEDIUM_DEFENDER,19/04/1994,2012,187,Eltham (Vic)/Northern U18,2013,nationalDraft,9,Defender,12174,Nick,Vlastuin,255,29,,Nick Vlastuin,,,
43,https://s.afl.com.au/staticfile/AFL Tenant/AFL/Players/ChampIDImages/AFL/2025014/1005053.png,CD_I1005053,43,Brisbane Lions,MEDIUM_DEFENDER,06/08/1999,2018,182,Caulfield (Vic)/Oakleigh U18,2020,nationalDraft,55,Defender,12718,Noah,Answerth,88,3,,Noah Answerth,,,
21,https://s.afl.com.au/staticfile/AFL Tenant/AFL/Players/ChampIDImages/AFL/2025014/1002245.png,CD_I1002245,21,Richmond,KEY_DEFENDER,23/10/1999,2017,194,Essendon Doutta Stars (Vic)/Calder U18,2019,nationalDraft,25,Defender,12686,Noah,Balta,117,41,,Noah Balta,,,
34,https://s.afl.com.au/staticfile/AFL Tenant/AFL/Players/ChampIDImages/AFL/2025014/1024982.png,CD_I1024982,34,Geelong Cats,MEDIUM_DEFENDER,11/02/2000,2021,182,County Mayo (Ireland),2024,other,,Defender,13066,Oisin,Mullin,44,3,,Oisin Mullin,,,
37,https://s.afl.com.au/staticfile/AFL Tenant/AFL/Players/ChampIDImages/AFL/2025014/298358.png,CD_I298358,37,Collingwood,MEDIUM_DEFENDER,08/05/1996,2024,188,Gepps Cross (SA)/North Adelaide (SANFL)/Richmond/Gold Coast,2016,rookieElevation,8,Defender,12459,Oleg,Markov,94,8,,Oleg Markov,,,
4,https://s.afl.com.au/staticfile/AFL Tenant/AFL/Players/ChampIDImages/AFL/2025014/1023495.png,CD_I1023495,4,Carlton,MEDIUM_DEFENDER,16/01/2004,2022,184,Wodonga (Vic)/Geelong Grammar (Vic)/Murray U18,2023,nationalDraft,11,Defender,13029,Oliver,Hollands,65,11,,Oliver Hollands,,,
21,https://s.afl.com.au/staticfile/AFL Tenant/AFL/Players/ChampIDImages/AFL/2025014/992472.png,CD_I992472,21,Fremantle,KEY_DEFENDER,18/03/1996,2014,196,Edenhope-Apsley (Vic)/North Ballarat U18/Melbourne/Williamstown,2016,nationalDraft,53,Defender,12394,Oscar,McDonald,94,7,,Oscar McDonald,,,
32,https://s.afl.com.au/staticfile/AFL Tenant/AFL/Players/ChampIDImages/AFL/2025014/294472.png,CD_I294472,32,Port Adelaide,MEDIUM_DEFENDER,12/07/1994,2012,185,Maribyrnong Park (Vic)/Calder U18/Adelaide/Gold Coast SUNS,2015,nationalDraft,81,Defender,12381,Rory,Atkins,141,52,,Rory Atkins,,,
29,https://s.afl.com.au/staticfile/AFL Tenant/AFL/Players/ChampIDImages/AFL/2025014/293222.png,CD_I293222,29,Adelaide Crows,MEDIUM_DEFENDER,29/12/1993,2013,178,Kenilworth (SA)/West Adelaide (SANFL),2013,rookieElevation,86,Defender,12165,Rory,Laird,269,31,,Rory Laird,,,
7,https://s.afl.com.au/staticfile/AFL Tenant/AFL/Players/ChampIDImages/AFL/2025014/990740.png,CD_I990740,7,Western Bulldogs,KEY_DEFENDER,09/02/1993,2013,207,Bassendean (WA)/Swan Districts (WAFL)/GWS/Fremantle,2016,nationalDraft,29,Defender,12282,Rory,Lobb,199,175,,Rory Lobb,,,
3,https://s.afl.com.au/staticfile/AFL Tenant/AFL/Players/ChampIDImages/AFL/2025014/992128.png,CD_I992128,3,Port Adelaide,MEDIUM_DEFENDER,31/01/1997,,191,,,,,Defender,12477,Ryan,Burton,162,25,,Ryan Burton,,,
43,https://s.afl.com.au/staticfile/AFL Tenant/AFL/Players/ChampIDImages/AFL/2025014/997501.png,CD_I997501,43,Western Bulldogs,KEY_DEFENDER,01/06/1997,2015,197,Burnie Dockers (Tas)/Geelong List/Footscray (VFL),2020,nationalDraft,59,Defender,12732,Ryan,Gardner,54,3,,Ryan Gardner,,,
35,https://s.afl.com.au/staticfile/AFL Tenant/AFL/Players/ChampIDImages/AFL/2025014/291548.png,CD_I291548,35,Brisbane Lions,MEDIUM_DEFENDER,26/08/1992,2022,190,Mulgrave (Vic)/Oakleigh U18,2011,rookieElevation,15,Defender,11894,Ryan,Lester,234,48,,Ryan Lester,,,
25,https://s.afl.com.au/staticfile/AFL Tenant/AFL/Players/ChampIDImages/AFL/2025014/295446.png,CD_I295446,25,Gold Coast SUNS,KEY_DEFENDER,15/06/1994,2015,194,Donvale (Vic)/Oakleigh U18/Box Hill (VFL)/Frem/Werribee (VFL),2016,nationalDraft,55,Defender,12444,Sam,Collins,149,0,,Sam Collins,,,
16,https://s.afl.com.au/staticfile/AFL Tenant/AFL/Players/ChampIDImages/AFL/2025014/1009229.png,CD_I1009229,16,Geelong Cats,KEY_DEFENDER,26/02/2001,2019,204,Mornington (Vic)/Dandenong U18,2021,nationalDraft,19,Defender,12891,Sam,De Koning,86,7,,Sam De Koning,,,
8,https://s.afl.com.au/staticfile/AFL Tenant/AFL/Players/ChampIDImages/AFL/2025014/293738.png,CD_I293738,8,Hawthorn,KEY_DEFENDER,28/08/1993,2012,194,Ormond (Vic)/Wesley College (Vic)/Sandr U18/GWS/Melbourne,2012,rookieElevation,83,Defender,12119,Sam,Frost,185,9,,Sam Frost,,,
15,https://s.afl.com.au/staticfile/AFL Tenant/AFL/Players/ChampIDImages/AFL/2025014/1005247.png,CD_I1005247,15,GWS GIANTS,KEY_DEFENDER,05/05/1999,2017,198,Upper Swan (WA)/Guilford Grammar (WA)/Swan Dists (WAFL),2019,nationalDraft,28,Defender,12644,Sam,Taylor,131,2,,Sam Taylor,,,
15,https://s.afl.com.au/staticfile/AFL Tenant/AFL/Players/ChampIDImages/AFL/2025014/1006232.png,CD_I1006232,15,Sydney Swans,MEDIUM_DEFENDER,14/09/1999,2018,181,Manly-Warringah (NSW)/Sydney (NEAFL),2019,other,,Defender,12818,Sam,Wicks,87,44,,Sam Wicks,,,
1,https://s.afl.com.au/staticfile/AFL Tenant/AFL/Players/ChampIDImages/AFL/2025014/281085.png,CD_I281085,1,Melbourne,KEY_DEFENDER,10/01/1992,2010,193,Southern Districts (NT)/Melbourne Grammar (Vic)/NT U18/GCS,2012,zone,,Defender,11940,Steven,May,251,24,,Steven May,,,
15,https://s.afl.com.au/staticfile/AFL Tenant/AFL/Players/ChampIDImages/AFL/2025014/290085.png,CD_I290085,15,Western Bulldogs,MEDIUM_DEFENDER,24/04/1991,2023,181,Wahgunyah (Vic)/Caulfield Grammar (Vic)/Murray U18/Hawthorn,2013,rookieElevation,21,Defender,12163,Taylor,Duryea,219,25,,Taylor Duryea,,,
37,https://s.afl.com.au/staticfile/AFL Tenant/AFL/Players/ChampIDImages/AFL/2025014/990290.png,CD_I990290,37,Hawthorn,KEY_DEFENDER,08/10/1995,2013,197,Scarborough (WA)/Claremont (WAFL)/West Coast Eagles,2016,nationalDraft,43,Defender,13205,Tom,Barrass,175,1,,Tom Barrass,,,
28,https://s.afl.com.au/staticfile/AFL Tenant/AFL/Players/ChampIDImages/AFL/2025014/993820.png,CD_I993820,28,West Coast Eagles,MEDIUM_DEFENDER,28/05/1997,2015,188,Sandhurst (Vic)/Bendigo U18,2016,nationalDraft,36,Defender,12583,Tom,Cole,131,5,,Tom Cole,,,
30,https://s.afl.com.au/staticfile/AFL Tenant/AFL/Players/ChampIDImages/AFL/2025014/1008198.png,CD_I1008198,30,Sydney Swans,KEY_DEFENDER,30/12/1999,2017,194,"St Joseph's, Geel (Vic)/St Joseph's Coll, Geel (Vic)/Geel Gram (Vic)/Geel U18",2020,nationalDraft,33,Defender,12009,Tom,McCartin,152,31,,Tom McCartin,,,
25,https://s.afl.com.au/staticfile/AFL Tenant/AFL/Players/ChampIDImages/AFL/2025014/291533.png,CD_I291533,25,Melbourne,KEY_DEFENDER,18/09/1992,2010,195,Edenhope-Apsley (Vic)/North Ballarat U18,2011,nationalDraft,53,Defender,12196,Tom,McDonald,249,170,,Tom McDonald,,,
44,https://s.afl.com.au/staticfile/AFL Tenant/AFL/Players/ChampIDImages/AFL/2025014/291800.png,CD_I291800,44,Geelong Cats,MEDIUM_DEFENDER,15/03/1993,2016,190,South Barwon (Vic)/Geelong U18/Geelong (VFL),2017,nationalDraft,40,Defender,12505,Tom,Stewart,191,6,,Tom Stewart,,,
24,https://s.afl.com.au/staticfile/AFL Tenant/AFL/Players/ChampIDImages/AFL/2025014/1009378.png,CD_I1009378,24,Melbourne,MEDIUM_DEFENDER,30/07/2001,2019,188,Willetton (WA)/East Fremantle (WAFL),2021,nationalDraft,32,Defender,12778,Trent,Rivers,123,13,,Trent Rivers,,,
30,https://s.afl.com.au/staticfile/AFL Tenant/AFL/Players/ChampIDImages/AFL/2025014/990882.png,CD_I990882,30,Adelaide Crows,MEDIUM_DEFENDER,14/09/1997,2015,185,Ingle Farm (SA)/Central District (SANFL),2016,nationalDraft,11,Defender,12405,Wayne,Milera,123,31,,Wayne Milera,,,
15,https://s.afl.com.au/staticfile/AFL Tenant/AFL/Players/ChampIDImages/AFL/2025014/1012873.png,CD_I1012873,15,Collingwood,MEDIUM_DEFENDER,29/05/2002,2023,180,East Ringwood FC/Norwood SC,2025,other,,Defender,13147,Wil,Parker,9,1,,Wil Parker,,,
27,https://s.afl.com.au/staticfile/AFL Tenant/AFL/Players/ChampIDImages/AFL/2025014/1007881.png,CD_I1007881,27,Gold Coast SUNS,MEDIUM_DEFENDER,26/08/1999,2017,188,Scarborough (WA)/Claremont (WAFL),2019,nationalDraft,19,Defender,12652,Wil,Powell,130,16,,Wil Powell,,,
39,https://s.afl.com.au/staticfile/AFL Tenant/AFL/Players/ChampIDImages/AFL/2025014/1004870.png,CD_I1004870,39,Geelong Cats,MEDIUM_DEFENDER,30/06/1998,2016,188,Sunbury (Vic)/Calder U18,2017,rookieElevation,33,Defender,12551,Zach,Guthrie,129,15,,Zach Guthrie,,,
21,https://s.afl.com.au/staticfile/AFL Tenant/AFL/Players/ChampIDImages/AFL/2025014/991939.png,CD_I991939,21,St Kilda,KEY_DEFENDER,27/10/1996,2014,195,Ocean Grove (Vic)/Geelong College (Vic)/Geelong U18/Wstrn Bldgs,2015,fatherSon,62,Defender,12392,Zaine,Cordy,141,21,,Zaine Cordy,,,
20,https://s.afl.com.au/staticfile/AFL Tenant/AFL/Players/ChampIDImages/AFL/2025014/1001017.png,CD_I1001017,20,North Melbourne,KEY_FORWARD,06/06/1998,2016,198,Hawthorn Citizens (Vic)/Oakleigh U18,2017,nationalDraft,73,Forward,13236,Nick,Larkey,134,278,19,Nick Larkey,,,
12,https://s.afl.com.au/staticfile/AFL Tenant/AFL/Players/ChampIDImages/AFL/2025014/1004095.png,CD_I1004095,12,Port Adelaide,KEY_FORWARD,09/08/2000,2018,195,Henley (SA)/Woodville-West Torrens (SANFL)/Gold Coast SUNS,2019,nationalDraft,2,Forward,12704,Jack,Lukosius,123,87,15,Jack Lukosius,,,
44,https://s.afl.com.au/staticfile/AFL Tenant/AFL/Players/ChampIDImages/AFL/2025014/998484.png,CD_I998484,44,North Melbourne,MEDIUM_FORWARD,22/05/1998,2016,190,Melville (WA)/East Fremantle (WAFL),2017,rookieElevation,11,Forward,12557,Cameron,Zurhaar,143,200,14,Cameron Zurhaar,,,
6,https://s.afl.com.au/staticfile/AFL Tenant/AFL/Players/ChampIDImages/AFL/2025014/294643.png,CD_I294643,6,Gold Coast SUNS,MEDIUM_FORWARD,03/12/1993,2011,186,Springwood (Qld)/Redland (NEAFL),2012,zone,88,Forward,12080,Alex,Sexton,186,164,3,Alex Sexton,,,
20,https://s.afl.com.au/staticfile/AFL Tenant/AFL/Players/ChampIDImages/AFL/2025014/1006030.png,CD_I1006030,20,Richmond,KEY_FORWARD,11/07/2000,,196,,,,,Forward,12859,Jacob,Koschitzke,64,66,3,Jacob Koschitzke,,,
23,https://s.afl.com.au/staticfile/AFL Tenant/AFL/Players/ChampIDImages/AFL/2025014/1005988.png,CD_I1005988,23,St Kilda,MEDIUM_FORWARD,28/08/2001,2019,180,Cottesloe (WA)/Christ Church Grammar (WA)/Claremont (WAFL)/Fremantle,2021,nationalDraft,9,Forward,12831,Liam,Henry,61,22,3,Liam Henry,,,
40,https://s.afl.com.au/staticfile/AFL Tenant/AFL/Players/ChampIDImages/AFL/2025014/1020855.png,CD_I1020855,40,St Kilda,MEDIUM_FORWARD,15/04/2002,2024,183,Montrose FC/Eastern U18/Box Hill (VFL),2025,other,4,Forward,13193,Max,Hall,23,23,1,Max Hall,,,
16,https://s.afl.com.au/staticfile/AFL Tenant/AFL/Players/ChampIDImages/AFL/2025014/999827.png,CD_I999827,16,North Melbourne,MEDIUM_FORWARD,15/06/1998,2016,175,York Roos (WA)/Guildford (WA)/Perth (WAFL)/Carlton,2017,nationalDraft,27,Forward,12520,Zac,Fisher,132,55,1,Zac Fisher,,,
42,https://s.afl.com.au/staticfile/AFL Tenant/AFL/Players/ChampIDImages/AFL/2025014/1024173.png,CD_I1024173,42,Melbourne,KEY_FORWARD,09/03/2000,2024,193,Lavington Panthers FNC/Werribee (VFL),2025,nationalDraft,68,Forward,13183,Aidan,Johnson,5,3,0,Aidan Johnson,,,
30,https://s.afl.com.au/staticfile/AFL Tenant/AFL/Players/ChampIDImages/AFL/2025014/1027011.png,CD_I1027011,30,St Kilda,KEY_FORWARD,15/06/2006,2024,203,Payneham NU JFC/Sturt (SANFL),,nationalDraft,53,Forward,13266,Alex,Dodson,1,0,0,Alex Dodson,,,
44,https://s.afl.com.au/staticfile/AFL Tenant/AFL/Players/ChampIDImages/AFL/2025014/1029265.png,CD_I1029265,44,Essendon,MEDIUM_FORWARD,13/05/2006,2024,186,Palmerston Magpies/Oakleigh U18,,rookieElevation,6,Forward,13223,Archer,Day-Wicks,5,1,0,Archer Day-Wicks,,,
26,https://s.afl.com.au/staticfile/AFL Tenant/AFL/Players/ChampIDImages/AFL/2025014/1029084.png,CD_I1029084,26,Essendon,KEY_FORWARD,27/08/2004,2025,198,Subiaco (WAFL)/Richmond (VFL),,other,6,Forward,13196,Archie,May,7,7,0,Archie May,,,
22,https://s.afl.com.au/staticfile/AFL Tenant/AFL/Players/ChampIDImages/AFL/2025014/1027693.png,CD_I1027693,22,West Coast Eagles,KEY_FORWARD,19/09/2005,2023,203,West Gippsland Football Netball (Vic)/Gippsland Power U18,2025,nationalDraft,30,Forward,13238,Archer,Reid,14,5,0,Archer Reid,,,
43,https://s.afl.com.au/staticfile/AFL Tenant/AFL/Players/ChampIDImages/AFL/2025014/1020097.png,CD_I1020097,43,Carlton,MEDIUM_FORWARD,15/04/2005,2023,188,Plympton Junior Football Club (SA)/Glenelg (SANFL),,nationalDraft,29,Forward,13171,Ashton,Moir,11,12,0,Ashton Moir,,,
8,https://s.afl.com.au/staticfile/AFL Tenant/AFL/Players/ChampIDImages/AFL/2025014/1017088.png,CD_I1017088,8,Essendon,MEDIUM_FORWARD,16/09/2003,2021,183,Horsham Demons (Vic)/Ballarat Clarendon College (Vic)/GWV U18,2022,nationalDraft,13,Forward,12970,Ben,Hobbs,65,21,0,Ben Hobbs,,,
24,https://s.afl.com.au/staticfile/AFL Tenant/AFL/Players/ChampIDImages/AFL/2025014/998782.png,CD_I998782,24,Western Bulldogs,KEY_FORWARD,24/03/2000,2018,191,St Albans (Vic)/Maribyrnong College (Vic)/Western U18,2021,other,,Forward,12900,Buku,Khamis,41,20,0,Buku Khamis,,,
33,https://s.afl.com.au/staticfile/AFL Tenant/AFL/Players/ChampIDImages/AFL/2025014/1024057.png,CD_I1024057,33,Sydney Swans,MEDIUM_FORWARD,05/03/2005,2023,182,Newtown Swans JAFC (NSW)/Sydney University (NSW),,nationalDraft,24,Forward,13157,Caiden,Cleary,17,3,0,Caiden Cleary,,,
25,https://s.afl.com.au/staticfile/AFL Tenant/AFL/Players/ChampIDImages/AFL/2025014/1011589.png,CD_I1011589,25,Western Bulldogs,MEDIUM_FORWARD,12/10/2002,,194,,,,,Forward,12895,Caleb,Poulter,35,10,0,Caleb Poulter,,,
29,https://s.afl.com.au/staticfile/AFL Tenant/AFL/Players/ChampIDImages/AFL/2025014/1027382.png,CD_I1027382,29,Collingwood,KEY_FORWARD,01/02/2006,2024,194,Henley FC Juniors/Woodville-West Torrens (SANFL),,nationalDraft,50,Forward,13246,Charlie,West,1,1,0,Charlie West,,,
21,https://s.afl.com.au/staticfile/AFL Tenant/AFL/Players/ChampIDImages/AFL/2025014/1000068.png,CD_I1000068,21,Adelaide Crows,KEY_FORWARD,26/11/1995,2024,193,Flinders Park (SA)/West Adelaide (SANFL)/Gold Coast Suns,2019,rookieElevation,16,Forward,12705,Chris,Burgess,44,21,0,Chris Burgess,,,
29,https://s.afl.com.au/staticfile/AFL Tenant/AFL/Players/ChampIDImages/AFL/2025014/1032619.png,CD_I1032619,29,GWS GIANTS,MEDIUM_FORWARD,28/05/2006,2024,182,Scarborough JFC/Claremont (WAFL),2025,nationalDraft,24,Forward,13226,Cody,Angove,4,1,0,Cody Angove,,,
37,https://s.afl.com.au/staticfile/AFL Tenant/AFL/Players/ChampIDImages/AFL/2025014/1020979.png,CD_I1020979,37,North Melbourne,MEDIUM_FORWARD,12/07/2004,2022,180,Yarrambat (Vic)/Assumption College (Vic)/Northern U18,,fatherSon,56,Forward,13077,Cooper,Harvey,10,11,0,Cooper Harvey,,,
6,https://s.afl.com.au/staticfile/AFL Tenant/AFL/Players/ChampIDImages/AFL/2025014/1029456.png,CD_I1029456,6,Western Bulldogs,MEDIUM_FORWARD,28/02/2006,2024,190,Bonbeach YCW JFC/Dandenong U18,,nationalDraft,20,Forward,13213,Cooper,Hynes,8,4,0,Cooper Hynes,,,
47,https://s.afl.com.au/staticfile/AFL Tenant/AFL/Players/ChampIDImages/AFL/2025014/1031988.png,CD_I1031988,47,North Melbourne,KEY_FORWARD,17/10/2005,2025,193,Blackburn/North Melbourne (VFL),,other,10,Forward,13263,Cooper,Trembath,3,9,0,Cooper Trembath,,,
39,https://s.afl.com.au/staticfile/AFL Tenant/AFL/Players/ChampIDImages/AFL/2025014/1031792.png,CD_I1031792,39,North Melbourne,KEY_FORWARD,18/07/2003,2025,197,Eltham (Vic)/Northern Bullants (VFL)/North Melbourne,,other,,Forward,13219,Finnbar,Maley,7,4,0,Finnbar Maley,,,
45,https://s.afl.com.au/staticfile/AFL Tenant/AFL/Players/ChampIDImages/AFL/2025014/1020877.png,CD_I1020877,45,Carlton,MEDIUM_FORWARD,03/02/2002,2025,181,Werribee (VFL)/Carlton (VFL),,other,4,Forward,13245,Flynn,Young,8,5,0,Flynn Young,,,
23,https://s.afl.com.au/staticfile/AFL Tenant/AFL/Players/ChampIDImages/AFL/2025014/1027726.png,CD_I1027726,23,North Melbourne,MEDIUM_FORWARD,06/11/2005,2024,184,North Launceston (TFL)/Tasmania U18,2025,other,1,Forward,13262,Geordie,Payne,3,3,0,Geordie Payne,,,
34,https://s.afl.com.au/staticfile/AFL Tenant/AFL/Players/ChampIDImages/AFL/2025014/1028525.png,CD_I1028525,34,Richmond,KEY_FORWARD,14/06/2006,2024,195,Ormond JFC/Sandringham U18,2025,nationalDraft,23,Forward,12015,Harry,Armstrong,8,6,0,Harry Armstrong,,,
30,https://s.afl.com.au/staticfile/AFL Tenant/AFL/Players/ChampIDImages/AFL/2025014/1007099.png,CD_I1007099,30,Melbourne,MEDIUM_FORWARD,17/12/2002,2020,182,East Point (Vic)/St Patrick's Coll (Vic)/Caulfield Gram (Vic)/GWV U18/Brisbane Lions,2021,nationalDraft,43,Forward,12864,Harry,Sharp,34,12,0,Harry Sharp,,,
25,https://s.afl.com.au/staticfile/AFL Tenant/AFL/Players/ChampIDImages/AFL/2025014/1016189.png,CD_I1016189,25,Brisbane Lions,KEY_FORWARD,24/09/2002,2020,202,Blackwood (SA)/Woodville-West Torrens (SANFL),2024,nationalDraft,48,Forward,13166,Henry,Smith,6,4,0,Henry Smith,,,
40,https://s.afl.com.au/staticfile/AFL Tenant/AFL/Players/ChampIDImages/AFL/2025014/1023489.png,CD_I1023489,40,Carlton,KEY_FORWARD,16/12/2004,2022,202,Camberwell (Vic)/ Camberwell High (Vic)/Oakleigh U18,,preseason,,Forward,13233,Hudson,OKeeffe,5,3,0,Hudson O'Keeffe,,,
10,https://s.afl.com.au/staticfile/AFL Tenant/AFL/Players/ChampIDImages/AFL/2025014/1028554.png,CD_I1028554,10,Essendon,MEDIUM_FORWARD,07/03/2006,2024,176,Northern Saints/Calder U18,2025,nationalDraft,13,Forward,13177,Isaac,Kako,23,15,0,Isaac Kako,,,
17,https://s.afl.com.au/staticfile/AFL Tenant/AFL/Players/ChampIDImages/AFL/2025014/1015323.png,CD_I1015323,17,St Kilda,KEY_FORWARD,23/04/2004,2022,198,South Augusta (SA)/North Adelaide (SANFL),2025,nationalDraft,44,Forward,13201,Isaac,Keeler,11,10,0,Isaac Keeler,,,
39,https://s.afl.com.au/staticfile/AFL Tenant/AFL/Players/ChampIDImages/AFL/2025014/1009392.png,CD_I1009392,39,Sydney Swans,KEY_FORWARD,16/05/2001,2023,199,Cottesloe (WA)/Scotch College (WA)/Claremont (WAFL)/Sydney Swans,,other,13,Forward,13071,Jack,Buller,10,11,0,Jack Buller,,,
43,https://s.afl.com.au/staticfile/AFL Tenant/AFL/Players/ChampIDImages/AFL/2025014/1008183.png,CD_I1008183,43,Melbourne,MEDIUM_FORWARD,01/10/1999,2024,177,Werribee (VFL),,preseason,,Forward,13181,Jack,Henderson,5,2,0,Jack Henderson,,,
17,https://s.afl.com.au/staticfile/AFL Tenant/AFL/Players/ChampIDImages/AFL/2025014/1032053.png,CD_I1032053,17,Port Adelaide,KEY_FORWARD,16/05/2006,2024,200,Shepparton FNC/Murray U18,,nationalDraft,33,Forward,13259,Jack,Whitlock,4,4,0,Jack Whitlock,,,
34,https://s.afl.com.au/staticfile/AFL Tenant/AFL/Players/ChampIDImages/AFL/2025014/1020371.png,CD_I1020371,34,West Coast Eagles,KEY_FORWARD,01/12/2003,2021,198,Rossmoyne (WA)/East Fremantle (WAFL),2025,nationalDraft,57,Forward,12962,Jack,Williams,42,37,0,Jack Williams,,,
43,https://s.afl.com.au/staticfile/AFL Tenant/AFL/Players/ChampIDImages/AFL/2025014/1021152.png,CD_I1021152,43,Richmond,KEY_FORWARD,04/06/2002,,192,,,,,Forward,13079,Jacob,Bauer,12,11,0,Jacob Bauer,,,
41,https://s.afl.com.au/staticfile/AFL Tenant/AFL/Players/ChampIDImages/AFL/2025014/1023530.png,CD_I1023530,41,North Melbourne,MEDIUM_FORWARD,09/11/2004,2022,177,Drouin (Vic)/Gippsland U18/Sydney Swans,2025,nationalDraft,20,Forward,13186,Jacob,Konstanty,23,11,0,Jacob Konstanty,,,
46,https://s.afl.com.au/staticfile/AFL Tenant/AFL/Players/ChampIDImages/AFL/2025014/1022486.png,CD_I1022486,46,West Coast Eagles,KEY_FORWARD,20/03/2006,2025,178,Norwood (SANFL)/West Coast (WAFL),,other,9,Forward,13267,Jacob,Newton,2,1,0,Jacob Newton,,,
29,https://s.afl.com.au/staticfile/AFL Tenant/AFL/Players/ChampIDImages/AFL/2025014/1018123.png,CD_I1018123,29,Gold Coast SUNS,MEDIUM_FORWARD,02/03/2005,2023,172,Broadbeach JAFC (Qld)/Broadbeach AFC (Qld),2025,nationalDraft,14,Forward,13126,Jake,Rogers,18,6,0,Jake Rogers,,,
29,https://s.afl.com.au/staticfile/AFL Tenant/AFL/Players/ChampIDImages/AFL/2025014/1028537.png,CD_I1028537,29,Richmond,MEDIUM_FORWARD,17/12/2006,2024,183,Warraful FNC/Oakleigh U18,,nationalDraft,58,Forward,13242,Jasper,Alger,4,2,0,Jasper Alger,,,
4,https://s.afl.com.au/staticfile/AFL Tenant/AFL/Players/ChampIDImages/AFL/2025014/1023736.png,CD_I1023736,4,Gold Coast SUNS,KEY_FORWARD,08/06/2005,2023,195,Palm Beach Currumbin JAFC (Qld)/Palm Beach Currumbin AFC (Qld),,nationalDraft,3,Forward,13114,Jed,Walter,30,29,0,Jed Walter,,,
18,https://s.afl.com.au/staticfile/AFL Tenant/AFL/Players/ChampIDImages/AFL/2025014/1029589.png,CD_I1029589,18,Sydney Swans,MEDIUM_FORWARD,07/08/2006,2024,180,Ivanhoe JFC/Northern U18,,nationalDraft,22,Forward,13260,Jesse,Dattoli,3,0,0,Jesse Dattoli,,,
35,https://s.afl.com.au/staticfile/AFL Tenant/AFL/Players/ChampIDImages/AFL/2025014/1031913.png,CD_I1031913,35,West Coast Eagles,KEY_FORWARD,02/08/2006,2024,195,Moama FC/Bendigo U18,,nationalDraft,30,Forward,13247,Jobe,Shanahan,9,12,0,Jobe Shanahan,,,
5,https://s.afl.com.au/staticfile/AFL Tenant/AFL/Players/ChampIDImages/AFL/2025014/1028529.png,CD_I1028529,5,Port Adelaide,MEDIUM_FORWARD,18/04/2006,2024,180,Wangaratta FNC/Murray U18,2025,nationalDraft,15,Forward,13188,Joe,Berry,12,3,0,Joe Berry,,,
35,https://s.afl.com.au/staticfile/AFL Tenant/AFL/Players/ChampIDImages/AFL/2025014/1008239.png,CD_I1008239,35,Port Adelaide,MEDIUM_FORWARD,23/11/1999,2022,177,Wangaratta Imperials (Vic)/Murray U18/Wangaratta (Vic)/Collingwood,2025,nationalDraft,48,Forward,13139,Joe,Richards,31,21,0,Joe Richards,,,
26,https://s.afl.com.au/staticfile/AFL Tenant/AFL/Players/ChampIDImages/AFL/2025014/1028498.png,CD_I1028498,26,Richmond,KEY_FORWARD,01/02/2006,2024,195,Redan FNC/GWV Rebels U18,,nationalDraft,14,Forward,13214,Jonty,Faull,16,9,0,Jonty Faull,,,
16,https://s.afl.com.au/staticfile/AFL Tenant/AFL/Players/ChampIDImages/AFL/2025014/1013996.png,CD_I1013996,16,Western Bulldogs,KEY_FORWARD,12/05/2005,2023,201,Maribyrnong Park (Vic)/Calder Cannons U18,2025,fatherSon,15,Forward,13265,Jordan,Croft,2,4,0,Jordan Croft,,,
38,https://s.afl.com.au/staticfile/AFL Tenant/AFL/Players/ChampIDImages/AFL/2025014/1029030.png,CD_I1029030,38,GWS GIANTS,MEDIUM_FORWARD,01/07/2006,2024,176,GWS Giants Academy,,other,,Forward,13222,Josaia,Delana,3,0,0,Josaia Delana,,,
26,https://s.afl.com.au/staticfile/AFL Tenant/AFL/Players/ChampIDImages/AFL/2025014/1034235.png,CD_I1034235,26,Western Bulldogs,MEDIUM_FORWARD,11/11/2006,2024,177,Beaumaris JFC/Sandringham U18,2025,nationalDraft,31,Forward,13179,Josh,Dolan,11,1,0,Josh Dolan,,,
29,https://s.afl.com.au/staticfile/AFL Tenant/AFL/Players/ChampIDImages/AFL/2025014/1013201.png,CD_I1013201,29,Essendon,MEDIUM_FORWARD,28/10/2002,2022,180,North Hobart (Tas)/South Adelaide (SANFL),2022,other,15,Forward,13017,Jye,Menzie,47,36,0,Jye Menzie,,,
12,https://s.afl.com.au/staticfile/AFL Tenant/AFL/Players/ChampIDImages/AFL/2025014/1023640.png,CD_I1023640,12,Melbourne,MEDIUM_FORWARD,28/06/2005,2023,186,Newtown Condingup Football Club (WA)/Subiaco (WAFL),2024,nationalDraft,13,Forward,13123,Koltyn,Tholstrup,19,8,0,Koltyn Tholstrup,,,
39,https://s.afl.com.au/staticfile/AFL Tenant/AFL/Players/ChampIDImages/AFL/2025014/1029304.png,CD_I1029304,39,Gold Coast SUNS,MEDIUM_FORWARD,24/11/2006,2024,187,Gold Coast Suns Academy,2025,other,,Forward,13272,Lachlan,Gulbin,1,0,0,Lachlan Gulbin,,,
4,https://s.afl.com.au/staticfile/AFL Tenant/AFL/Players/ChampIDImages/AFL/2025014/1000998.png,CD_I1000998,4,Adelaide Crows,MEDIUM_FORWARD,04/12/1998,2017,178,Diamond Ck (Vic)/Ivanhoe Gram (Vic)/Northern U18/Adel (SANFL),2018,rookieElevation,38,Forward,12585,Lachlan,Murphy,120,75,0,Lachlan Murphy,,,
33,https://s.afl.com.au/staticfile/AFL Tenant/AFL/Players/ChampIDImages/AFL/2025014/998480.png,CD_I998480,33,Collingwood,MEDIUM_FORWARD,25/09/1997,2023,180,Port Melbourne (VFL)/Footscray (VFL),,preseason,,Forward,13133,Lachlan,Sullivan,24,8,0,Lachlan Sullivan,,,
4,https://s.afl.com.au/staticfile/AFL Tenant/AFL/Players/ChampIDImages/AFL/2025014/1017959.png,CD_I1017959,4,St Kilda,MEDIUM_FORWARD,26/03/2005,2023,185,North Beach JFC (WA)/Subiaco (WAFL),2024,nationalDraft,28,Forward,13109,Lance,Collard,15,8,0,Lance Collard,,,
30,https://s.afl.com.au/staticfile/AFL Tenant/AFL/Players/ChampIDImages/AFL/2025014/1029301.png,CD_I1029301,30,Gold Coast SUNS,MEDIUM_FORWARD,05/10/2006,2024,178,Burleigh Bombers AFC/Gold Coast Suns Academy,,nationalDraft,9,Forward,13232,Leo,Lombard,4,1,0,Leo Lombard,,,
37,https://s.afl.com.au/staticfile/AFL Tenant/AFL/Players/ChampIDImages/AFL/2025014/1022383.png,CD_I1022383,37,Richmond,KEY_FORWARD,22/04/2005,2023,197,Pooraka (Adelaide Footy League) (SA)/Central District (SANFL),2025,nationalDraft,43,Forward,13200,Liam,Fawcett,1,1,0,Liam Fawcett,,,
48,https://s.afl.com.au/staticfile/AFL Tenant/AFL/Players/ChampIDImages/AFL/2025014/1012842.png,CD_I1012842,48,Essendon,KEY_FORWARD,02/05/2002,2020,198,Eltham (Vic)/Northern U18/Collingwood/Carlton (VFL)/Essendon (VFL),,nationalDraft,31,Forward,13255,Liam,McMahon,7,12,0,Liam McMahon,,,
37,https://s.afl.com.au/staticfile/AFL Tenant/AFL/Players/ChampIDImages/AFL/2025014/1029136.png,CD_I1029136,37,West Coast Eagles,MEDIUM_FORWARD,17/05/2006,2024,172,Mines Rovers/Subiaco (WAFL),,other,,Forward,13250,Malakai,Champion,2,0,0,Malakai Champion,,,
41,https://s.afl.com.au/staticfile/AFL Tenant/AFL/Players/ChampIDImages/AFL/2025014/1005986.png,CD_I1005986,41,Gold Coast SUNS,MEDIUM_FORWARD,27/06/2001,2025,180,"NT Thunder, Darwin Buffaloes/SUNS Academy/Gold Coast",,other,,Forward,12903,Malcolm,Rosas,49,46,0,Malcolm Rosas,,,
21,https://s.afl.com.au/staticfile/AFL Tenant/AFL/Players/ChampIDImages/AFL/2025014/1023486.png,CD_I1023486,21,Melbourne,KEY_FORWARD,08/03/2004,2022,195,Ashburton (Vic) /Wesley College (Vic)/Oakleigh U18,,nationalDraft,15,Forward,13182,Matthew,Jefferson,7,4,0,Matthew Jefferson,,,
35,https://s.afl.com.au/staticfile/AFL Tenant/AFL/Players/ChampIDImages/AFL/2025014/1027921.png,CD_I1027921,35,GWS GIANTS,KEY_FORWARD,21/07/2004,2022,192,Surrey Park (Vic)/Caulfield Grammar (Vic)/Oakleigh U18,2025,nationalDraft,22,Forward,13158,Max,Gruzewski,11,13,0,Max Gruzewski,,,
42,https://s.afl.com.au/staticfile/AFL Tenant/AFL/Players/ChampIDImages/AFL/2025014/1015886.png,CD_I1015886,42,St Kilda,KEY_FORWARD,24/10/2002,2021,204,Beaumaris (Vic)/Xavier College (Vic)/Sandringham U18/St Kilda,2025,other,7,Forward,13254,Max,Heath,4,3,0,Max Heath,,,
38,https://s.afl.com.au/staticfile/AFL Tenant/AFL/Players/ChampIDImages/AFL/2025014/1027965.png,CD_I1027965,38,Hawthorn,KEY_FORWARD,19/04/2003,2022,203,South Melbourne Districts (Vic)/Melbourne Grammar (Vic)/Sandringham U18,2024,other,6,Forward,13058,Max,Ramsden,9,5,0,Max Ramsden,,,
42,https://s.afl.com.au/staticfile/AFL Tenant/AFL/Players/ChampIDImages/AFL/2025014/1008747.png,CD_I1008747,42,Richmond,KEY_FORWARD,22/06/1998,2023,195,Casey Demons (VFL)/Richmond (VFL),2024,preseason,,Forward,13113,Mykelti,Lefau,11,14,0,Mykelti Lefau,,,
30,https://s.afl.com.au/staticfile/AFL Tenant/AFL/Players/ChampIDImages/AFL/2025014/1027899.png,CD_I1027899,30,Essendon,KEY_FORWARD,14/07/2005,2023,193,Yarrambat JFC (Vic)/Northern Knights U18,2025,nationalDraft,10,Forward,13148,Nate,Caddy,27,29,0,Nate Caddy,,,
13,https://s.afl.com.au/staticfile/AFL Tenant/AFL/Players/ChampIDImages/AFL/2025014/1023496.png,CD_I1023496,13,West Coast Eagles,MEDIUM_FORWARD,23/08/2004,2022,179,Echuca (Vic)/Geelong Grammer (Vic)/Bendigo U18,2024,nationalDraft,58,Forward,13037,Noah,Long,36,12,0,Noah Long,,,
21,https://s.afl.com.au/staticfile/AFL Tenant/AFL/Players/ChampIDImages/AFL/2025014/1020881.png,CD_I1020881,21,Geelong Cats,MEDIUM_FORWARD,15/09/2002,2023,180,Barwon Heads,,nationalDraft,61,Forward,13217,Oliver,Wiltshire,2,1,0,Oliver Wiltshire,,,
47,https://s.afl.com.au/staticfile/AFL Tenant/AFL/Players/ChampIDImages/AFL/2025014/1027644.png,CD_I1027644,47,Essendon,MEDIUM_FORWARD,26/10/2005,2025,180,Bendigo U18/Essendon (VFL),2025,other,17,Forward,13252,Oskar,Smartt,4,0,0,Oskar Smartt,,,
25,https://s.afl.com.au/staticfile/AFL Tenant/AFL/Players/ChampIDImages/AFL/2025014/1002947.png,CD_I1002947,25,North Melbourne,MEDIUM_FORWARD,04/03/2003,2021,185,Keilor (Vic)/Western U18,2023,nationalDraft,35,Forward,12975,Paul,Curtis,78,97,0,Paul Curtis,,,
7,https://s.afl.com.au/staticfile/AFL Tenant/AFL/Players/ChampIDImages/AFL/2025014/1008478.png,CD_I1008478,7,Richmond,MEDIUM_FORWARD,04/06/2000,2020,180,North Launceston (Tas)/Woodville-West Torrens (SANFL),2025,preseason,,Forward,12883,Rhyan,Mansell,73,50,0,Rhyan Mansell,,,
38,https://s.afl.com.au/staticfile/AFL Tenant/AFL/Players/ChampIDImages/AFL/2025014/1032023.png,CD_I1032023,38,Essendon,MEDIUM_FORWARD,11/10/2006,2024,179,Cobden FNC/GWV Rebels U18,,nationalDraft,61,Forward,13264,Rhys,Unwin,3,1,0,Rhys Unwin,,,
22,https://s.afl.com.au/staticfile/AFL Tenant/AFL/Players/ChampIDImages/AFL/2025014/1028491.png,CD_I1028491,22,Richmond,MEDIUM_FORWARD,30/08/2006,2024,188,Bacchus Marsh FNC/GWV Rebels U18,,nationalDraft,1,Forward,13190,Sam,Lalor,11,11,0,Sam Lalor,,,
44,https://s.afl.com.au/staticfile/AFL Tenant/AFL/Players/ChampIDImages/AFL/2025014/1023275.png,CD_I1023275,44,Richmond,MEDIUM_FORWARD,29/12/2004,2022,182,Burnie (Tas)/North Launceston (Tas)/Tasmania U18,2024,rookieElevation,12,Forward,13100,Seth,Campbell,43,38,0,Seth Campbell,,,
48,https://s.afl.com.au/staticfile/AFL Tenant/AFL/Players/ChampIDImages/AFL/2025014/1023056.png,CD_I1023056,48,Richmond,MEDIUM_FORWARD,09/01/2004,2022,179,Brookton Pingelly (WA)/South Fremantle (WAFL),2023,nationalDraft,55,Forward,13145,Steely,Green,25,16,0,Steely Green,,,
24,https://s.afl.com.au/staticfile/AFL Tenant/AFL/Players/ChampIDImages/AFL/2025014/1032106.png,CD_I1032106,24,Richmond,MEDIUM_FORWARD,17/06/2006,2024,183,Hampton Rovers AFC/Sandringham U18,,nationalDraft,12,Forward,13253,Taj,Hotton,7,3,0,Taj Hotton,,,
45,https://s.afl.com.au/staticfile/AFL Tenant/AFL/Players/ChampIDImages/AFL/2025014/1018323.png,CD_I1018323,45,Essendon,KEY_FORWARD,20/05/2000,2024,191,Royals/Swan Districts (WAFL),2025,preseason,,Forward,12835,Tom,Edwards,2,3,0,Tom Edwards,,,
38,https://s.afl.com.au/staticfile/AFL Tenant/AFL/Players/ChampIDImages/AFL/2025014/1018996.png,CD_I1018996,38,Richmond,KEY_FORWARD,12/05/2006,2024,199,Wallan (Vic)/Montmorency/Parade College (Vic)/Northern U18,2025,nationalDraft,28,Forward,12537,Tom,Sims,11,4,0,Tom Sims,,,
37,https://s.afl.com.au/staticfile/AFL Tenant/AFL/Players/ChampIDImages/AFL/2025014/1022371.png,CD_I1022371,37,Port Adelaide,MEDIUM_FORWARD,27/01/2006,2024,183,Port District/Central District (SANFL),,rookieElevation,13,Forward,12674,Tom,Cochrane,3,2,0,Tom Cochrane,,,
40,https://s.afl.com.au/staticfile/AFL Tenant/AFL/Players/ChampIDImages/AFL/2025014/1027687.png,CD_I1027687,40,Sydney Swans,MEDIUM_FORWARD,31/05/2005,2024,179,Gippsland U18,2025,other,14,Forward,11898,Tom,Hanily,8,6,0,Tom Hanily,,,
10,https://s.afl.com.au/staticfile/AFL Tenant/AFL/Players/ChampIDImages/AFL/2025014/1013511.png,CD_I1013511,10,West Coast Eagles,MEDIUM_FORWARD,22/11/2002,2020,180,Wembley Downs (WA)/Subiaco (WAFL)/Hawthorn,2021,nationalDraft,46,Forward,12858,Tyler,Brockman,56,38,0,Tyler Brockman,,,
26,https://s.afl.com.au/staticfile/AFL Tenant/AFL/Players/ChampIDImages/AFL/2025014/1026960.png,CD_I1026960,26,Gold Coast SUNS,MEDIUM_FORWARD,27/07/2005,2023,186,Palm Beach Currumbin JAFC (Qld)/Palm Beach Currumbin AFC (Qld),2024,nationalDraft,26,Forward,13120,Will,Graham,25,18,0,Will Graham,,,
28,https://s.afl.com.au/staticfile/AFL Tenant/AFL/Players/ChampIDImages/AFL/2025014/1029405.png,CD_I1029405,28,Brisbane Lions,MEDIUM_FORWARD,13/04/2005,2024,185,Geelong U18,,other,6,Forward,13162,Will,McLachlan,6,3,0,Will McLachlan,,,
38,https://s.afl.com.au/staticfile/AFL Tenant/AFL/Players/ChampIDImages/AFL/2025014/1027713.png,CD_I1027713,38,Carlton,MEDIUM_FORWARD,18/03/2004,2024,179,South Warrnambool/Carlton (VFL),2025,preseason,,Forward,12567,Will,White,14,10,0,Will White,,,
39,https://s.afl.com.au/staticfile/AFL Tenant/AFL/Players/ChampIDImages/AFL/2025014/1032922.png,CD_I1032922,39,Collingwood,MEDIUM_FORWARD,16/05/2006,2024,180,Subiaco JFC/Claremont (WAFL),,nationalDraft,56,Forward,12695,Will,Hayes,2,1,0,Will Hayes,,,
45,https://s.afl.com.au/staticfile/AFL Tenant/AFL/Players/ChampIDImages/AFL/2025014/1020930.png,CD_I1020930,45,North Melbourne,MEDIUM_FORWARD,21/01/2003,2025,173,Werribee (VFL)/North Melbourne (VFL),,other,2,Forward,13256,Zac,Banch,4,1,0,Zac Banch,,,
7,https://s.afl.com.au/staticfile/AFL Tenant/AFL/Players/ChampIDImages/AFL/2025014/1023494.png,CD_I1023494,7,North Melbourne,MEDIUM_FORWARD,28/08/2005,2023,190,Foster Secondary College/Foster FNC/Gippsland Power U18,2024,nationalDraft,4,Forward,13106,Zane,Duursma,23,13,0,Zane Duursma,,,
5,https://s.afl.com.au/staticfile/AFL Tenant/AFL/Players/ChampIDImages/AFL/2025014/1019038.png,CD_I1019038,5,GWS GIANTS,KEY_FORWARD,03/03/2004,2022,195,Darley (Vic)/GWV U18,2024,nationalDraft,1,Forward,13054,Aaron,Cadman,59,80,,Aaron Cadman,,,
10,https://s.afl.com.au/staticfile/AFL Tenant/AFL/Players/ChampIDImages/AFL/2025014/990816.png,CD_I990816,10,Sydney Swans,KEY_FORWARD,10/08/1997,2024,192,Loxton North (SA)/West Adelaide (SANFL)/Essendon,2016,rookieElevation,32,Forward,12467,Aaron,Francis,84,18,,Aaron Francis,,,
33,https://s.afl.com.au/staticfile/AFL Tenant/AFL/Players/ChampIDImages/AFL/2025014/1002404.png,CD_I1002404,33,Western Bulldogs,KEY_FORWARD,30/11/1999,2017,196,Rockingham (WA)/Peel Thunder (WAFL),2018,nationalDraft,9,Forward,12594,Aaron,Naughton,166,286,,Aaron Naughton,,,
39,https://s.afl.com.au/staticfile/AFL Tenant/AFL/Players/ChampIDImages/AFL/2025014/1016268.png,CD_I1016268,39,Carlton,MEDIUM_FORWARD,17/12/1996,2022,187,Newtown &amp; Chilwell (Vic)/Carlton (VFL),2023,preseason,,Forward,13055,Alex,Cincotta,40,12,,Alex Cincotta,,,
28,https://s.afl.com.au/staticfile/AFL Tenant/AFL/Players/ChampIDImages/AFL/2025014/296420.png,CD_I296420,28,Adelaide Crows,MEDIUM_FORWARD,09/01/1996,2014,182,Plympton (SA)/Glenelg (SANFL)/Melbourne,2017,nationalDraft,40,Forward,12367,Alex,Neal-Bullen,201,133,,Alex Neal-Bullen,,,
16,https://s.afl.com.au/staticfile/AFL Tenant/AFL/Players/ChampIDImages/AFL/2025014/1015873.png,CD_I1015873,16,Essendon,MEDIUM_FORWARD,26/03/2002,2020,188,Old Brighton (Vic)/Brighton Grammar (Vic)/Sandringham U18,2021,nationalDraft,9,Forward,12879,Archie,Perkins,101,65,,Archie Perkins,,,
16,https://s.afl.com.au/staticfile/AFL Tenant/AFL/Players/ChampIDImages/AFL/2025014/1012826.png,CD_I1012826,16,Melbourne,MEDIUM_FORWARD,24/03/2002,2020,179,Beverley Hills (Vic)/Caulfield Grammar (Vic)/Oakleigh U18,2021,nationalDraft,22,Forward,13032,Bailey,Laurie,12,2,,Bailey Laurie,,,
31,https://s.afl.com.au/staticfile/AFL Tenant/AFL/Players/ChampIDImages/AFL/2025014/1001438.png,CD_I1001438,31,Melbourne,MEDIUM_FORWARD,06/12/1996,2017,188,Coldstream (Vic)/Casey (VFL),2018,nationalDraft,31,Forward,12598,Bayley,Fritsch,171,288,,Bayley Fritsch,,,
31,https://s.afl.com.au/staticfile/AFL Tenant/AFL/Players/ChampIDImages/AFL/2025014/1004757.png,CD_I1004757,31,Collingwood,MEDIUM_FORWARD,19/04/2001,2020,186,Cove (SA)/South Adelaide (SANFL),2022,nationalDraft,44,Forward,12876,Beau,McCreery,96,58,,Beau McCreery,,,
9,https://s.afl.com.au/staticfile/AFL Tenant/AFL/Players/ChampIDImages/AFL/2025014/998130.png,CD_I998130,9,Gold Coast SUNS,MEDIUM_FORWARD,10/02/1998,2016,178,Morwell (Vic)/Gippsland U18/Gold Coast,2017,nationalDraft,4,Forward,12498,Ben,Ainsworth,158,137,,Ben Ainsworth,,,
2,https://s.afl.com.au/staticfile/AFL Tenant/AFL/Players/ChampIDImages/AFL/2025014/993946.png,CD_I993946,2,Adelaide Crows,MEDIUM_FORWARD,23/02/1997,2019,185,Morningside (Qld)/Redland (NEAFL)/Brisbane,2016,rookieElevation,7,Forward,12434,Ben,Keays,161,128,,Ben Keays,,,
34,https://s.afl.com.au/staticfile/AFL Tenant/AFL/Players/ChampIDImages/AFL/2025014/1006144.png,CD_I1006144,34,Gold Coast SUNS,KEY_FORWARD,07/07/2000,2018,202,East Sandr (Vic)/Old Haileybury (Vic)/H'bury Coll (Vic)/Sandr U18,2019,nationalDraft,6,Forward,12728,Ben,King,120,255,,Ben King,,,
22,https://s.afl.com.au/staticfile/AFL Tenant/AFL/Players/ChampIDImages/AFL/2025014/993917.png,CD_I993917,22,Gold Coast SUNS,MEDIUM_FORWARD,21/08/1997,2016,186,St Marys (NT)/NT Thunder (NEAFL)/Melb Grammar (Vic)/Northern U18/Foots (VFL)/St Kilda,2017,nationalDraft,25,Forward,12521,Ben,Long,135,102,,Ben Long,,,
23,https://s.afl.com.au/staticfile/AFL Tenant/AFL/Players/ChampIDImages/AFL/2025014/1006148.png,CD_I1006148,23,Collingwood,MEDIUM_FORWARD,09/02/2000,2018,175,Northam Barons (WA)/Perth (WAFL)/GWS,2020,nationalDraft,24,Forward,12744,Bobby,Hill,102,117,,Bobby Hill,,,
45,https://s.afl.com.au/staticfile/AFL Tenant/AFL/Players/ChampIDImages/AFL/2025014/999326.png,CD_I999326,45,Geelong Cats,MEDIUM_FORWARD,30/07/1998,2019,183,North Gambier (SA)/Glenelg (SANFL),2020,rookieElevation,14,Forward,12806,Brad,Close,128,109,,Brad Close,,,
16,https://s.afl.com.au/staticfile/AFL Tenant/AFL/Players/ChampIDImages/AFL/2025014/1013133.png,CD_I1013133,16,Sydney Swans,MEDIUM_FORWARD,04/02/2002,2020,181,Pennant Hills (NSW),2021,nationalDraft,5,Forward,12863,Braeden,Campbell,94,32,,Braeden Campbell,,,
16,https://s.afl.com.au/staticfile/AFL Tenant/AFL/Players/ChampIDImages/AFL/2025014/1002251.png,CD_I1002251,16,GWS GIANTS,MEDIUM_FORWARD,09/03/1999,2017,172,Nyah-Nyah West United (Vic)/Geelong Gram (Vic)/Bendigo U18,2019,nationalDraft,27,Forward,12656,Brent,Daniels,112,72,,Brent Daniels,,,
17,https://s.afl.com.au/staticfile/AFL Tenant/AFL/Players/ChampIDImages/AFL/2025014/1009241.png,CD_I1009241,17,Carlton,KEY_FORWARD,01/05/2001,2019,192,Echuca (Vic)/Geelong Grammar (Vic)/Bendigo U18,2024,nationalDraft,17,Forward,12937,Brodie,Kemp,49,14,,Brodie Kemp,,,
41,https://s.afl.com.au/staticfile/AFL Tenant/AFL/Players/ChampIDImages/AFL/2025014/291849.png,CD_I291849,41,Collingwood,KEY_FORWARD,04/02/1993,2025,192,Burnie (Tas)/Tas U18/Maribyrnong Pk (Vic)/Werribee (VFL)/Port Melbourne (VFL)/Collingwood,2018,other,,Forward,12639,Brody,Mihocek,159,267,,Brody Mihocek,,,
4,https://s.afl.com.au/staticfile/AFL Tenant/AFL/Players/ChampIDImages/AFL/2025014/298437.png,CD_I298437,4,Brisbane Lions,MEDIUM_FORWARD,09/10/1997,2015,182,Kelmscott (WA)/South Fremantle (WAFL)/Gold Coast/Brisbane,2016,nationalDraft,8,Forward,12414,Callum,Ah Chee,170,99,,Callum Ah Chee,,,
46,https://s.afl.com.au/staticfile/AFL Tenant/AFL/Players/ChampIDImages/AFL/2025014/1014038.png,CD_I1014038,46,GWS GIANTS,MEDIUM_FORWARD,15/08/2000,2018,188,County Derry (Ireland),2024,other,,Forward,12910,Callum,Brown,64,67,,Callum Brown,,,
35,https://s.afl.com.au/staticfile/AFL Tenant/AFL/Players/ChampIDImages/AFL/2025014/1032100.png,CD_I1032100,35,Hawthorn,KEY_FORWARD,04/08/2005,2023,195,Beaumaris FC (Vic)/Sandringham Dragons U18,,fatherSon,56,Forward,13135,Calsher,Dear,26,35,,Calsher Dear,,,
16,https://s.afl.com.au/staticfile/AFL Tenant/AFL/Players/ChampIDImages/AFL/2025014/1002235.png,CD_I1002235,16,Brisbane Lions,MEDIUM_FORWARD,21/10/1999,2017,187,Hillside (Vic)/PEGS (Vic)/Western U18,2018,nationalDraft,1,Forward,12592,Cam,Rayner,168,172,,Cam Rayner,,,
23,https://s.afl.com.au/staticfile/AFL Tenant/AFL/Players/ChampIDImages/AFL/2025014/990609.png,CD_I990609,23,Brisbane Lions,MEDIUM_FORWARD,05/07/1994,2014,180,Newman Saints (WA)/Swan Districts (WAFL)/Adelaide,2014,rookieElevation,,Forward,12277,Charlie,Cameron,255,440,,Charlie Cameron,,,
30,https://s.afl.com.au/staticfile/AFL Tenant/AFL/Players/ChampIDImages/AFL/2025014/996731.png,CD_I996731,30,Carlton,KEY_FORWARD,03/02/1997,2015,194,Torquay (Vic)/Geelong U18/Carlton,2016,nationalDraft,12,Forward,12421,Charlie,Curnow,149,313,,Charlie Curnow,,,
9,https://s.afl.com.au/staticfile/AFL Tenant/AFL/Players/ChampIDImages/AFL/2025014/1002282.png,CD_I1002282,9,Melbourne,MEDIUM_FORWARD,25/11/1999,2017,172,Albury (NSW)/Murray U18/Melbourne,2019,nationalDraft,29,Forward,12622,Charlie,Spargo,108,64,,Charlie Spargo,,,
35,https://s.afl.com.au/staticfile/AFL Tenant/AFL/Players/ChampIDImages/AFL/2025014/1008454.png,CD_I1008454,35,Gold Coast SUNS,MEDIUM_FORWARD,06/04/2001,2025,175,Labrador (Qld)/Gold Coast (NEAFL)/Gold Coast,2020,other,,Forward,12769,Connor,Budarick,55,7,,Connor Budarick,,,
31,https://s.afl.com.au/staticfile/AFL Tenant/AFL/Players/ChampIDImages/AFL/2025014/1017094.png,CD_I1017094,31,Hawthorn,MEDIUM_FORWARD,13/01/2003,2021,185,Doveton (Vic)/Haileybury College (Vic)/Dandenong U18,2022,nationalDraft,26,Forward,12954,Connor,Macdonald,90,71,,Connor Macdonald,,,
26,https://s.afl.com.au/staticfile/AFL Tenant/AFL/Players/ChampIDImages/AFL/2025014/997846.png,CD_I997846,26,Brisbane Lions,MEDIUM_FORWARD,28/03/1996,2016,184,Eglish/Tyrone (Ireland)/Essendon,2015,rookieElevation,,Forward,12391,Conor,McKenna,128,29,,Conor McKenna,,,
43,https://s.afl.com.au/staticfile/AFL Tenant/AFL/Players/ChampIDImages/AFL/2025014/1018018.png,CD_I1018018,43,St Kilda,KEY_FORWARD,25/07/2000,2021,193,Leeton-Whitton (NSW)/Balwyn (Vic)/Oak U18/W-W Torrens (SANFL),2022,other,21,Forward,12929,Cooper,Sharman,70,80,,Cooper Sharman,,,
19,https://s.afl.com.au/staticfile/AFL Tenant/AFL/Players/ChampIDImages/AFL/2025014/1008510.png,CD_I1008510,19,Carlton,MEDIUM_FORWARD,14/04/2002,2020,176,Golden Grove (SA)/Central District (SANFL)/Carlton,2022,nationalDraft,37,Forward,12936,Corey,Durdin,64,48,,Corey Durdin,,,
16,https://s.afl.com.au/staticfile/AFL Tenant/AFL/Players/ChampIDImages/AFL/2025014/992374.png,CD_I992374,16,St Kilda,MEDIUM_FORWARD,03/06/1996,2014,182,Lake Wendouree (Vic)/North Ballarat U18/Richmond,2015,nationalDraft,67,Forward,12490,Dan,Butler,151,172,,Dan Butler,,,
11,https://s.afl.com.au/staticfile/AFL Tenant/AFL/Players/ChampIDImages/AFL/2025014/297504.png,CD_I297504,11,Collingwood,KEY_FORWARD,24/06/1995,2013,196,Vermont (Vic)/Eastern U18/Brisbane,2014,nationalDraft,25,Forward,12291,Daniel,McStay,198,185,,Daniel McStay,,,
33,https://s.afl.com.au/staticfile/AFL Tenant/AFL/Players/ChampIDImages/AFL/2025014/991930.png,CD_I991930,33,Port Adelaide,MEDIUM_FORWARD,20/09/1995,2013,181,Camberwell (Vic)/Scotch College (Vic)/Oakleigh U18,2014,nationalDraft,52,Forward,12422,Darcy,Byrne-Jones,221,72,,Darcy Byrne-Jones,,,
32,https://s.afl.com.au/staticfile/AFL Tenant/AFL/Players/ChampIDImages/AFL/2025014/999331.png,CD_I999331,32,Adelaide Crows,KEY_FORWARD,25/09/1999,2017,192,Lucindale (SA)/Rostrevor College (SA)/Glenelg (SANFL),2018,nationalDraft,12,Forward,12584,Darcy,Fogarty,126,199,,Darcy Fogarty,,,
2,https://s.afl.com.au/staticfile/AFL Tenant/AFL/Players/ChampIDImages/AFL/2025014/1020650.png,CD_I1020650,2,GWS GIANTS,MEDIUM_FORWARD,03/04/2004,2022,175,Kalamunda (WA)/Swan Districts (WAFL),2025,nationalDraft,21,Forward,13131,Darcy,Jones,37,31,,Darcy Jones,,,
24,https://s.afl.com.au/staticfile/AFL Tenant/AFL/Players/ChampIDImages/AFL/2025014/290832.png,CD_I290832,24,Gold Coast SUNS,MEDIUM_FORWARD,19/11/1992,2010,186,Rossmoyne (WA)/East Fremantle (WAFL),2011,nationalDraft,1,Forward,11919,David,Swallow,249,111,,David Swallow,,,
2,https://s.afl.com.au/staticfile/AFL Tenant/AFL/Players/ChampIDImages/AFL/2025014/1009385.png,CD_I1009385,2,Brisbane Lions,MEDIUM_FORWARD,30/06/2001,2019,185,Manning (WA)/Aquinas College (WA)/Perth (WAFL)/Brisbane,2020,nationalDraft,22,Forward,12774,Deven,Robertson,47,10,,Deven Robertson,,,
13,https://s.afl.com.au/staticfile/AFL Tenant/AFL/Players/ChampIDImages/AFL/2025014/1006314.png,CD_I1006314,13,Hawthorn,MEDIUM_FORWARD,04/08/1999,2017,177,Rowville (Vic)/Caulfield Grammar (Vic)/Eastern U18,2019,nationalDraft,67,Forward,12710,Dylan,Moore,126,133,,Dylan Moore,,,
23,https://s.afl.com.au/staticfile/AFL Tenant/AFL/Players/ChampIDImages/AFL/2025014/1009195.png,CD_I1009195,23,Port Adelaide,MEDIUM_FORWARD,01/07/2001,,186,,,,,Forward,12917,Dylan,Williams,29,0,,Dylan Williams,,,
20,https://s.afl.com.au/staticfile/AFL Tenant/AFL/Players/ChampIDImages/AFL/2025014/1012862.png,CD_I1012862,20,Carlton,MEDIUM_FORWARD,25/04/2002,2020,189,Wodonga (Vic)/Caulfield Grammar (Vic)/Murray U18/Gold Coast Suns,2022,nationalDraft,7,Forward,13016,Elijah,Hollands,41,26,,Elijah Hollands,,,
30,https://s.afl.com.au/staticfile/AFL Tenant/AFL/Players/ChampIDImages/AFL/2025014/993953.png,CD_I993953,30,Brisbane Lions,KEY_FORWARD,13/09/1997,2015,204,Caloundra (Qld)/Aspley (NEAFL),2016,nationalDraft,14,Forward,12454,Eric,Hipwood,199,287,,Eric Hipwood,,,
20,https://s.afl.com.au/staticfile/AFL Tenant/AFL/Players/ChampIDImages/AFL/2025014/1027033.png,CD_I1027033,20,Gold Coast SUNS,KEY_FORWARD,07/07/2005,2023,202,Palm Beach Currumbin JAFC (Qld)/Palm Beach Currumbin AFC (Qld),2025,nationalDraft,9,Forward,13121,Ethan,Read,25,22,,Ethan Read,,,
20,https://s.afl.com.au/staticfile/AFL Tenant/AFL/Players/ChampIDImages/AFL/2025014/1009421.png,CD_I1009421,20,Hawthorn,MEDIUM_FORWARD,23/02/2001,2019,189,East Brighton (Vic)/Scotch College (Vic)/Sandringham U18,2021,fatherSon,29,Forward,12843,Finn,Maginness,58,14,,Finn Maginness,,,
44,https://s.afl.com.au/staticfile/AFL Tenant/AFL/Players/ChampIDImages/AFL/2025014/1017255.png,CD_I1017255,44,Carlton,MEDIUM_FORWARD,23/08/2001,2019,182,Brunswick North O.B. (Vic)/Brunswick Secondary College (Vic)/Calder U18/Geelong/Port Adelaide,2021,nationalDraft,41,Forward,12873,Francis,Evans,44,35,,Francis Evans,,,
32,https://s.afl.com.au/staticfile/AFL Tenant/AFL/Players/ChampIDImages/AFL/2025014/1004938.png,CD_I1004938,32,Geelong Cats,MEDIUM_FORWARD,30/03/1999,2017,179,Grovedale (Vic)/Geelong U18,2018,nationalDraft,57,Forward,12689,Gryan,Miers,156,114,,Gryan Miers,,,
35,https://s.afl.com.au/staticfile/AFL Tenant/AFL/Players/ChampIDImages/AFL/2025014/1008893.png,CD_I1008893,35,Melbourne,KEY_FORWARD,12/11/1999,2017,197,Wudinna United (SA)/Rostrevor College (SA)/Norwood (SANFL),2019,nationalDraft,37,Forward,13189,Harry,Petty,101,48,,Harry Petty,,,
10,https://s.afl.com.au/staticfile/AFL Tenant/AFL/Players/ChampIDImages/AFL/2025014/1000953.png,CD_I1000953,10,Carlton,KEY_FORWARD,24/12/1997,2015,200,Warragul (Vic)/Gippsland U18,2016,nationalDraft,10,Forward,12579,Harry,McKay,140,274,,Harry McKay,,,
1,https://s.afl.com.au/staticfile/AFL Tenant/AFL/Players/ChampIDImages/AFL/2025014/1027925.png,CD_I1027925,1,GWS GIANTS,MEDIUM_FORWARD,08/08/2005,2023,176,Turvey Park FNC/GWS Giants Academy,2024,nationalDraft,59,Forward,13101,Harvey,Thomas,40,18,,Harvey Thomas,,,
2,https://s.afl.com.au/staticfile/AFL Tenant/AFL/Players/ChampIDImages/AFL/2025014/1003203.png,CD_I1003203,2,Sydney Swans,KEY_FORWARD,20/01/1999,2018,197,Beaumaris (Vic)/St Bede's College (Vic)/Sandr U18/Sandr (VFL),2022,preseason,,Forward,12745,Hayden,McLean,98,100,,Hayden McLean,,,
43,https://s.afl.com.au/staticfile/AFL Tenant/AFL/Players/ChampIDImages/AFL/2025014/1011558.png,CD_I1011558,43,Fremantle,MEDIUM_FORWARD,30/04/2003,2024,168,Central Districts (SANFL),,preseason,,Forward,13204,Isaiah,Dudley,16,15,,Isaiah Dudley,,,
28,https://s.afl.com.au/staticfile/AFL Tenant/AFL/Players/ChampIDImages/AFL/2025014/290838.png,CD_I290838,28,North Melbourne,KEY_FORWARD,13/06/1992,2010,191,Sorrento-Duncraig (WA)/West Perth (WAFL)/West Coast,2011,nationalDraft,26,Forward,11905,Jack,Darling,320,556,,Jack Darling,,,
33,https://s.afl.com.au/staticfile/AFL Tenant/AFL/Players/ChampIDImages/AFL/2025014/1012857.png,CD_I1012857,33,Hawthorn,MEDIUM_FORWARD,09/12/2002,2023,185,Strathfieldsaye (Vic)/Bendigo U18/Collingwood,2022,other,,Forward,12927,Jack,Ginnivan,90,115,,Jack Ginnivan,,,
19,https://s.afl.com.au/staticfile/AFL Tenant/AFL/Players/ChampIDImages/AFL/2025014/291351.png,CD_I291351,19,Hawthorn,KEY_FORWARD,16/10/1991,2009,193,Beaumaris (Vic)/Haileybury College (Vic)/Sandr U18/Adelaide Crows/Hawthorn/Brisbane Lions,2011,nationalDraft,29,Forward,11845,Jack,Gunston,283,554,,Jack Gunston,,,
1,https://s.afl.com.au/staticfile/AFL Tenant/AFL/Players/ChampIDImages/AFL/2025014/1002227.png,CD_I1002227,1,St Kilda,MEDIUM_FORWARD,19/03/1999,2017,178,East Malvern (Vic)/Oakleigh U18/Richmond,2018,nationalDraft,17,Forward,12609,Jack,Higgins,145,204,,Jack Higgins,,,
19,https://s.afl.com.au/staticfile/AFL Tenant/AFL/Players/ChampIDImages/AFL/2025014/296190.png,CD_I296190,19,Geelong Cats,MEDIUM_FORWARD,29/01/1995,2013,186,Towns (WA)/Claremont (WAFL)/Gold Coast,2013,other,1,Forward,12236,Jack,Martin,165,145,,Jack Martin,,,
21,https://s.afl.com.au/staticfile/AFL Tenant/AFL/Players/ChampIDImages/AFL/2025014/1006550.png,CD_I1006550,21,West Coast Eagles,MEDIUM_FORWARD,12/04/1999,2017,188,Epping (Vic)/Northern U18,2018,nationalDraft,38,Forward,12623,Jack,Petruccelle,90,71,,Jack Petruccelle,,,
2,https://s.afl.com.au/staticfile/AFL Tenant/AFL/Players/ChampIDImages/AFL/2025014/1017720.png,CD_I1017720,2,Melbourne,KEY_FORWARD,16/04/2003,2021,193,Wembley Downs (WA)/Claremont (WAFL),2024,nationalDraft,19,Forward,12991,Jacob,van Rooyen,57,74,,Jacob van Rooyen,,,
11,https://s.afl.com.au/staticfile/AFL Tenant/AFL/Players/ChampIDImages/AFL/2025014/298421.png,CD_I298421,11,Essendon,MEDIUM_FORWARD,24/08/1997,2015,177,South Morang (Vic)/Parade College (Vic)/Northern U18/St Kilda,2016,nationalDraft,18,Forward,12415,Jade,Gresham,177,165,,Jade Gresham,,,
18,https://s.afl.com.au/staticfile/AFL Tenant/AFL/Players/ChampIDImages/AFL/2025014/280824.png,CD_I280824,18,Melbourne,KEY_FORWARD,29/08/1991,2023,186,Oak Park (Vic)/PEGS (Vic)/Calder U18/Essendon,2011,rookieElevation,12,Forward,11820,Jake,Melksham,248,221,,Jake Melksham,,,
26,https://s.afl.com.au/staticfile/AFL Tenant/AFL/Players/ChampIDImages/AFL/2025014/1008123.png,CD_I1008123,26,GWS GIANTS,KEY_FORWARD,07/11/1999,2019,198,St Bernard's (Vic)/St Bernard's Coll (Vic)/Calder U18/Werribee (VFL),2021,nationalDraft,51,Forward,12834,Jake,Riccardi,89,110,,Jake Riccardi,,,
20,https://s.afl.com.au/staticfile/AFL Tenant/AFL/Players/ChampIDImages/AFL/2025014/293884.png,CD_I293884,20,GWS GIANTS,MEDIUM_FORWARD,25/04/1994,2012,192,Eaglehawk (Vic)/Bendigo U18/Western Bulldogs/Essendon,2013,nationalDraft,5,Forward,12167,Jake,Stringer,227,392,,Jake Stringer,,,
2,https://s.afl.com.au/staticfile/AFL Tenant/AFL/Players/ChampIDImages/AFL/2025014/996554.png,CD_I996554,2,West Coast Eagles,KEY_FORWARD,06/05/1998,2016,192,Marist (WA)/Claremont (WAFL),2017,fatherSon,77,Forward,12601,Jake,Waterman,112,149,,Jake Waterman,,,
15,https://s.afl.com.au/staticfile/AFL Tenant/AFL/Players/ChampIDImages/AFL/2025014/290826.png,CD_I290826,15,West Coast Eagles,MEDIUM_FORWARD,23/04/1992,2010,184,Northampton (WA)/East Fremantle (WAFL)/St Kilda,2011,nationalDraft,24,Forward,11937,Jamie,Cripps,272,335,,Jamie Cripps,,,
5,https://s.afl.com.au/staticfile/AFL Tenant/AFL/Players/ChampIDImages/AFL/2025014/293801.png,CD_I293801,5,Collingwood,MEDIUM_FORWARD,21/08/1992,2011,177,Euroa (Vic)/Murray U18,2012,other,,Forward,12083,Jamie,Elliott,219,347,,Jamie Elliott,,,
41,https://s.afl.com.au/staticfile/AFL Tenant/AFL/Players/ChampIDImages/AFL/2025014/1004819.png,CD_I1004819,41,Port Adelaide,MEDIUM_FORWARD,15/02/2001,,176,,,,,Forward,12924,Jed,McEntee,52,31,,Jed McEntee,,,
5,https://s.afl.com.au/staticfile/AFL Tenant/AFL/Players/ChampIDImages/AFL/2025014/293845.png,CD_I293845,5,Geelong Cats,KEY_FORWARD,01/04/1993,2011,196,Dartmoor (Vic)/North Ballarat U18/GWS,2011,other,,Forward,12017,Jeremy,Cameron,281,736,,Jeremy Cameron,,,
11,https://s.afl.com.au/staticfile/AFL Tenant/AFL/Players/ChampIDImages/AFL/2025014/298111.png,CD_I298111,11,Port Adelaide,KEY_FORWARD,09/02/1996,,197,,,,,Forward,12553,Jeremy,Finlayson,128,166,,Jeremy Finlayson,,,
23,https://s.afl.com.au/staticfile/AFL Tenant/AFL/Players/ChampIDImages/AFL/2025014/296324.png,CD_I296324,23,GWS GIANTS,KEY_FORWARD,12/02/1995,2013,196,Marist (WA)/Claremont (WAFL)/Melbourne/Fremantle,2013,other,2,Forward,12321,Jesse,Hogan,181,397,,Jesse Hogan,,,
3,https://s.afl.com.au/staticfile/AFL Tenant/AFL/Players/ChampIDImages/AFL/2025014/1017700.png,CD_I1017700,3,Carlton,MEDIUM_FORWARD,23/11/2003,2021,180,Wanderers (NT)/S Coogee (WA)/Aquinas Coll (WA)/S Fremantle (WAFL),2023,nationalDraft,27,Forward,12990,Jesse,Motlop,63,59,,Jesse Motlop,,,
36,https://s.afl.com.au/staticfile/AFL Tenant/AFL/Players/ChampIDImages/AFL/2025014/1008091.png,CD_I1008091,36,Sydney Swans,KEY_FORWARD,02/09/1999,2017,195,Beaumaris (Vic)/Mentone Grammar (Vic)/Sandringham U18,2020,rookieElevation,28,Forward,12844,Joel,Amartey,61,86,,Joel Amartey,,,
8,https://s.afl.com.au/staticfile/AFL Tenant/AFL/Players/ChampIDImages/AFL/2025014/1017051.png,CD_I1017051,8,Adelaide Crows,MEDIUM_FORWARD,11/04/2003,2021,180,Shepparton Swans (Vic)/Caulfield Grammar (Vic)/Murray U18,2022,nationalDraft,6,Forward,12255,Josh,Rachele,70,97,,Josh Rachele,,,
35,https://s.afl.com.au/staticfile/AFL Tenant/AFL/Players/ChampIDImages/AFL/2025014/1012819.png,CD_I1012819,35,Fremantle,KEY_FORWARD,04/08/2002,2020,195,Cohuna (Vic)/Bendigo U18,2021,rookieElevation,7,Forward,12959,Josh,Treacy,80,118,,Josh Treacy,,,
50,https://s.afl.com.au/staticfile/AFL Tenant/AFL/Players/ChampIDImages/AFL/2025014/999715.png,CD_I999715,50,Gold Coast SUNS,MEDIUM_FORWARD,07/12/1996,2019,190,Halls Ck (WA)/Hale School (WA)/N Wang (Vic)/Scotch OC (SA)/Adel (SANFL),2023,nationalDraft,60,Forward,12848,Jy,Farrar,42,13,,Jy Farrar,,,
24,https://s.afl.com.au/staticfile/AFL Tenant/AFL/Players/ChampIDImages/AFL/2025014/1020594.png,CD_I1020594,24,Fremantle,KEY_FORWARD,31/07/2003,2021,196,Busselton (WA)/East Perth (WAFL),2025,nationalDraft,8,Forward,12983,Jye,Amiss,71,113,,Jye Amiss,,,
37,https://s.afl.com.au/staticfile/AFL Tenant/AFL/Players/ChampIDImages/AFL/2025014/1005330.png,CD_I1005330,37,Melbourne,MEDIUM_FORWARD,13/01/2000,2018,175,Western United (SA)/Prince Alfred College (SA)/Norwood (SANFL),2021,rookieElevation,15,Forward,12756,Kade,Chandler,79,60,,Kade Chandler,,,
1,https://s.afl.com.au/staticfile/AFL Tenant/AFL/Players/ChampIDImages/AFL/2025014/1014026.png,CD_I1014026,1,Brisbane Lions,MEDIUM_FORWARD,06/05/2003,2021,185,"Lake Wendoree (Vic)/St Patrick's College, Ballarat/GWV U18",2024,nationalDraft,20,Forward,12968,Kai,Lohmann,54,59,,Kai Lohmann,,,
4,https://s.afl.com.au/staticfile/AFL Tenant/AFL/Players/ChampIDImages/AFL/2025014/298630.png,CD_I298630,4,Essendon,KEY_FORWARD,01/12/1996,2014,192,Macleod (Vic)/Ivanhoe Grammar (Vic)/Northern U18,2015,nationalDraft,17,Forward,12349,Kyle,Langford,162,179,,Kyle Langford,,,
8,https://s.afl.com.au/staticfile/AFL Tenant/AFL/Players/ChampIDImages/AFL/2025014/1002228.png,CD_I1002228,8,Carlton,MEDIUM_FORWARD,01/04/1999,2017,180,Spotswood (Vic)/St Kevin's College (Vic)/Western U18/Geelong,2018,nationalDraft,22,Forward,12596,Lachie,Fogarty,90,36,,Lachie Fogarty,,,
8,https://s.afl.com.au/staticfile/AFL Tenant/AFL/Players/ChampIDImages/AFL/2025014/1000860.png,CD_I1000860,8,Collingwood,MEDIUM_FORWARD,30/11/1997,2018,178,Moama (NSW)/Bendigo U18/Williamstown (VFL)/Fremantle,2020,nationalDraft,57,Forward,12700,Lachie,Schultz,126,138,,Lachie Schultz,,,
30,https://s.afl.com.au/staticfile/AFL Tenant/AFL/Players/ChampIDImages/AFL/2025014/1009015.png,CD_I1009015,30,Western Bulldogs,MEDIUM_FORWARD,02/09/2001,2023,184,South Clare (SA)/Woodville-West Torrens (SANFL),2021,rookieElevation,10,Forward,12854,Lachlan,McNeil,75,42,,Lachlan McNeil,,,
23,https://s.afl.com.au/staticfile/AFL Tenant/AFL/Players/ChampIDImages/AFL/2025014/1005000.png,CD_I1005000,23,Western Bulldogs,MEDIUM_FORWARD,03/02/1999,2018,182,Mooroopna (Vic)/Murray U18,2021,nationalDraft,37,Forward,12776,Laitham,Vandermeer,87,44,,Laitham Vandermeer,,,
1,https://s.afl.com.au/staticfile/AFL Tenant/AFL/Players/ChampIDImages/AFL/2025014/1004364.png,CD_I1004364,1,West Coast Eagles,MEDIUM_FORWARD,02/10/1996,2017,181,"Rovers, Geraldton (WA)/Subiaco (WAFL)/West Coast",2018,nationalDraft,26,Forward,12600,Liam,Ryan,125,158,,Liam Ryan,,,
13,https://s.afl.com.au/staticfile/AFL Tenant/AFL/Players/ChampIDImages/AFL/2025014/1028019.png,CD_I1028019,13,Brisbane Lions,KEY_FORWARD,10/05/2005,2023,191,Werribee Districts (Vic)/Western Jets U18,2025,nationalDraft,31,Forward,13137,Logan,Morris,46,78,,Logan Morris,,,
22,https://s.afl.com.au/staticfile/AFL Tenant/AFL/Players/ChampIDImages/AFL/2025014/280744.png,CD_I280744,22,Hawthorn,MEDIUM_FORWARD,11/11/1990,2011,182,Temora (NSW)/NSW-ACT U18,2011,rookieElevation,77,Forward,11954,Luke,Breust,308,553,,Luke Breust,,,
10,https://s.afl.com.au/staticfile/AFL Tenant/AFL/Players/ChampIDImages/AFL/2025014/1012218.png,CD_I1012218,10,Adelaide Crows,MEDIUM_FORWARD,17/05/2002,2020,183,Kingston (SA)/Prince Alfred College (SA)/Glenelg (SANFL),2022,nationalDraft,11,Forward,12921,Luke,Pedlar,39,40,,Luke Pedlar,,,
18,https://s.afl.com.au/staticfile/AFL Tenant/AFL/Players/ChampIDImages/AFL/2025014/994077.png,CD_I994077,18,Hawthorn,KEY_FORWARD,29/01/1997,2018,200,Yeronga (Qld)/Aspley (NEAFL)/Richmond/Gold Coast Suns,2016,rookieElevation,45,Forward,12485,Mabior,Chol,108,157,,Mabior Chol,,,
46,https://s.afl.com.au/staticfile/AFL Tenant/AFL/Players/ChampIDImages/AFL/2025014/998647.png,CD_I998647,46,Collingwood,KEY_FORWARD,14/03/1991,2017,211,Oklahoma State University (USA)/Collingwood,2015,rookieElevation,,Forward,12428,Mason,Cox,139,127,,Mason Cox,,,
35,https://s.afl.com.au/staticfile/AFL Tenant/AFL/Players/ChampIDImages/AFL/2025014/996232.png,CD_I996232,35,Essendon,MEDIUM_FORWARD,14/08/1997,2017,184,Wembley Downs (WA)/Claremont (WAFL),2019,nationalDraft,76,Forward,12870,Matt,Guelfi,121,69,,Matt Guelfi,,,
25,https://s.afl.com.au/staticfile/AFL Tenant/AFL/Players/ChampIDImages/AFL/2025014/1020137.png,CD_I1020137,25,St Kilda,MEDIUM_FORWARD,27/12/2004,2022,190,PHOS Camden (SA)/Woodville-West Torrens (SANFL),2023,nationalDraft,10,Forward,13208,Mattaes,Phillipou,44,25,,Mattaes Phillipou,,,
16,https://s.afl.com.au/staticfile/AFL Tenant/AFL/Players/ChampIDImages/AFL/2025014/1013973.png,CD_I1013973,16,West Coast Eagles,MEDIUM_FORWARD,19/03/1997,2018,179,Camberwell (Vic)/St Kevin's College (Vic)/Carlton,2022,other,,Forward,12839,Matthew,Owies,88,96,,Matthew Owies,,,
17,https://s.afl.com.au/staticfile/AFL Tenant/AFL/Players/ChampIDImages/AFL/2025014/1009551.png,CD_I1009551,17,Richmond,MEDIUM_FORWARD,01/09/2002,2020,179,St Mary's (NT)/Scotch College (Vic)/Oakleigh U18,2022,nationalDraft,51,Forward,12935,Maurice,Rioli,49,31,,Maurice Rioli,,,
32,https://s.afl.com.au/staticfile/AFL Tenant/AFL/Players/ChampIDImages/AFL/2025014/999321.png,CD_I999321,32,Fremantle,MEDIUM_FORWARD,17/05/2000,2019,183,Portland (SA)/Woodville-West Torrens (SANFL),2020,nationalDraft,61,Forward,12801,Michael,Frederick,102,116,,Michael Frederick,,,
19,https://s.afl.com.au/staticfile/AFL Tenant/AFL/Players/ChampIDImages/AFL/2025014/1010174.png,CD_I1010174,19,Port Adelaide,KEY_FORWARD,28/09/2001,2019,192,Marist (WA)/Hale School (WA)/Subiaco (WAFL),2020,nationalDraft,18,Forward,12766,Mitch,Georgiades,92,167,,Mitch Georgiades,,,
2,https://s.afl.com.au/staticfile/AFL Tenant/AFL/Players/ChampIDImages/AFL/2025014/1000887.png,CD_I1000887,2,Hawthorn,KEY_FORWARD,14/10/1998,2016,199,Whittlesea (Vic)/Assumption College (Vic)/Calder U18,2019,nationalDraft,76,Forward,12986,Mitch,Lewis,78,133,,Mitch Lewis,,,
10,https://s.afl.com.au/staticfile/AFL Tenant/AFL/Players/ChampIDImages/AFL/2025014/1023272.png,CD_I1023272,10,St Kilda,KEY_FORWARD,24/09/2003,2021,191,Beaumaris (Vic)/Mentone Grammar (Vic)/Sandringham U18,2022,nationalDraft,33,Forward,12404,Mitch,Owens,72,74,,Mitch Owens,,,
16,https://s.afl.com.au/staticfile/AFL Tenant/AFL/Players/ChampIDImages/AFL/2025014/1028513.png,CD_I1028513,16,Fremantle,MEDIUM_FORWARD,30/07/2006,2024,182,Sth Melbourne Districts JFC/Sandringham U18,2025,nationalDraft,17,Forward,13180,Murphy,Reid,24,25,,Murphy Reid,,,
34,https://s.afl.com.au/staticfile/AFL Tenant/AFL/Players/ChampIDImages/AFL/2025014/1023473.png,CD_I1023473,34,Hawthorn,MEDIUM_FORWARD,24/02/2005,2023,170,East Ringwood (Vic)/Eastern Ranges U18,2024,nationalDraft,5,Forward,13105,Nick,Watson,43,61,,Nick Watson,,,
36,https://s.afl.com.au/staticfile/AFL Tenant/AFL/Players/ChampIDImages/AFL/2025014/1012860.png,CD_I1012860,36,Geelong Cats,KEY_FORWARD,29/07/2002,2020,189,"St Marys, Geelong (Vic))/St Joseph's College/Geelong U18/Collingwood",2021,nationalDraft,17,Forward,12851,Oliver,Henry,85,120,,Oliver Henry,,,
30,https://s.afl.com.au/staticfile/AFL Tenant/AFL/Players/ChampIDImages/AFL/2025014/1012881.png,CD_I1012881,30,Port Adelaide,KEY_FORWARD,02/01/2002,2020,197,East Brighton (Vic)/Geelong Grammar (Vic)/Sandringham U18,2024,nationalDraft,49,Forward,13056,Ollie,Lord,34,33,,Ollie Lord,,,
14,https://s.afl.com.au/staticfile/AFL Tenant/AFL/Players/ChampIDImages/AFL/2025014/296334.png,CD_I296334,14,Carlton,MEDIUM_FORWARD,14/09/1995,2013,180,Payneham Norwood Union (SA)/Norwood (SANFL)/Essendon/Port Adelaide,2014,nationalDraft,55,Forward,12302,Orazio,Fantasia,120,157,,Orazio Fantasia,,,
12,https://s.afl.com.au/staticfile/AFL Tenant/AFL/Players/ChampIDImages/AFL/2025014/1004385.png,CD_I1004385,12,West Coast Eagles,KEY_FORWARD,19/03/1999,2017,196,Whitford (WA)/West Perth (WAFL)/West Coast,2019,nationalDraft,21,Forward,12655,Oscar,Allen,105,151,,Oscar Allen,,,
35,https://s.afl.com.au/staticfile/AFL Tenant/AFL/Players/ChampIDImages/AFL/2025014/270917.png,CD_I270917,35,Geelong Cats,MEDIUM_FORWARD,05/04/1990,2007,189,Anglesea (Vic)/Geelong U18/Adelaide,2010,nationalDraft,10,Forward,11700,Patrick,Dangerfield,361,365,,Patrick Dangerfield,,,
20,https://s.afl.com.au/staticfile/AFL Tenant/AFL/Players/ChampIDImages/AFL/2025014/1017754.png,CD_I1017754,20,Fremantle,KEY_FORWARD,29/06/2003,2023,195,Turvey Park (NSW)/Wesley College (Vic)/Oakleigh U18/Essendon,2024,preseason,,Forward,13129,Patrick,Voss,27,44,,Patrick Voss,,,
20,https://s.afl.com.au/staticfile/AFL Tenant/AFL/Players/ChampIDImages/AFL/2025014/298289.png,CD_I298289,20,Essendon,KEY_FORWARD,08/09/1996,2014,203,Moonee Valley (Vic)/Calder U18/Gold Coast,2016,nationalDraft,8,Forward,12366,Peter,Wright,152,233,,Peter Wright,,,
19,https://s.afl.com.au/staticfile/AFL Tenant/AFL/Players/ChampIDImages/AFL/2025014/999824.png,CD_I999824,19,Fremantle,MEDIUM_FORWARD,03/12/1997,2016,182,Maddington (WA)/Wesley College (WA)/Perth (WAFL)/Geelong/Essendon (VFL)/Port Adelaide,2018,nationalDraft,60,Forward,12651,Quinton,Narkle,59,27,,Quinton Narkle,,,
14,https://s.afl.com.au/staticfile/AFL Tenant/AFL/Players/ChampIDImages/AFL/2025014/1006127.png,CD_I1006127,14,Western Bulldogs,MEDIUM_FORWARD,12/07/2000,2018,183,Strathmore (Vic)/St Kevin's College (Vic)/Calder U18,2021,fatherSon,26,Forward,12748,Rhylee,West,81,85,,Rhylee West,,,
7,https://s.afl.com.au/staticfile/AFL Tenant/AFL/Players/ChampIDImages/AFL/2025014/1008384.png,CD_I1008384,7,Adelaide Crows,KEY_FORWARD,07/07/2002,2020,201,Goodwood (SA)/West Adelaide (SANFL),2021,nationalDraft,2,Forward,12892,Riley,Thilthorpe,78,119,,Riley Thilthorpe,,,
10,https://s.afl.com.au/staticfile/AFL Tenant/AFL/Players/ChampIDImages/AFL/2025014/1017126.png,CD_I1017126,10,Western Bulldogs,KEY_FORWARD,19/07/2003,2021,208,Glen Iris (Vic)/Scotch College (Vic)/Oakleigh U18,2023,fatherSon,2,Forward,13021,Sam,Darcy,45,89,,Sam Darcy,,,
14,https://s.afl.com.au/staticfile/AFL Tenant/AFL/Players/ChampIDImages/AFL/2025014/291753.png,CD_I291753,14,Brisbane Lions,KEY_FORWARD,06/09/1992,2010,197,Mitcham Hawks (SA)/Sturt (SANFL)/Gold Coast SUNS,2011,nationalDraft,3,Forward,11947,Sam,Day,168,120,,Sam Day,,,
3,https://s.afl.com.au/staticfile/AFL Tenant/AFL/Players/ChampIDImages/AFL/2025014/1009260.png,CD_I1009260,3,Gold Coast SUNS,MEDIUM_FORWARD,24/07/2001,2019,183,Moe (Vic)/Lowanna College (Vic)/Gippsland U18/Gold Coast,2022,nationalDraft,11,Forward,12824,Sam,Flanders,89,37,,Sam Flanders,,,
2,https://s.afl.com.au/staticfile/AFL Tenant/AFL/Players/ChampIDImages/AFL/2025014/993979.png,CD_I993979,2,Port Adelaide,MEDIUM_FORWARD,08/01/1998,2016,187,Mount Hawthorn (WA)/Wesley College (WA)/East Perth (WAFL),2017,nationalDraft,18,Forward,12494,Sam,Powell-Pepper,158,124,,Sam Powell-Pepper,,,
39,https://s.afl.com.au/staticfile/AFL Tenant/AFL/Players/ChampIDImages/AFL/2025014/992059.png,CD_I992059,39,Fremantle,MEDIUM_FORWARD,20/11/1996,2017,179,Research (Vic)/Northern U18/Box Hill Hawks (VFL),2019,nationalDraft,73,Forward,12672,Sam,Switkowski,105,66,,Sam Switkowski,,,
33,https://s.afl.com.au/staticfile/AFL Tenant/AFL/Players/ChampIDImages/AFL/2025014/1016433.png,CD_I1016433,33,Geelong Cats,KEY_FORWARD,25/07/2002,2020,203,Jandakot (WA)/Leeming HS (WA)/South Fremantle (WAFL),2022,nationalDraft,33,Forward,12992,Shannon,Neale,46,69,,Shannon Neale,,,
7,https://s.afl.com.au/staticfile/AFL Tenant/AFL/Players/ChampIDImages/AFL/2025014/993878.png,CD_I993878,7,Geelong Cats,MEDIUM_FORWARD,06/08/1997,2023,178,Murray/North Albury (NSW)/Werribee (VFL),2024,nationalDraft,36,Forward,13104,Shaun,Mannagh,36,47,,Shaun Mannagh,,,
3,https://s.afl.com.au/staticfile/AFL Tenant/AFL/Players/ChampIDImages/AFL/2025014/291776.png,CD_I291776,3,Sydney Swans,MEDIUM_FORWARD,20/09/1993,2011,181,"St Joseph's Geel (Vic)/St Joseph's Coll, Geel (Vic)/Geel U18/GWS/Collingwood",2013,nationalDraft,13,Forward,12066,Taylor,Adams,229,86,,Taylor Adams,,,
13,https://s.afl.com.au/staticfile/AFL Tenant/AFL/Players/ChampIDImages/AFL/2025014/280506.png,CD_I280506,13,Adelaide Crows,KEY_FORWARD,25/04/1990,2007,192,North Broken Hill (NSW)/NSW-ACT U18,2009,other,75,Forward,11713,Taylor,Walker,301,680,,Taylor Walker,,,
28,https://s.afl.com.au/staticfile/AFL Tenant/AFL/Players/ChampIDImages/AFL/2025014/294596.png,CD_I294596,28,Collingwood,KEY_FORWARD,26/05/1994,2012,188,Traralgon (Vic)/Gippsland U18/Sydney Swans/ St Kilda,2013,nationalDraft,46,Forward,13206,Tim,Membrey,202,325,,Tim Membrey,,,
4,https://s.afl.com.au/staticfile/AFL Tenant/AFL/Players/ChampIDImages/AFL/2025014/295344.png,CD_I295344,4,GWS GIANTS,MEDIUM_FORWARD,25/09/1993,2011,182,Ashburton (Vic)/Wesley College (Vic)/Oakleigh U18,2012,nationalDraft,11,Forward,12374,Toby,Greene,261,416,,Toby Greene,,,
19,https://s.afl.com.au/staticfile/AFL Tenant/AFL/Players/ChampIDImages/AFL/2025014/293813.png,CD_I293813,19,Richmond,KEY_FORWARD,31/10/1992,2010,199,Sorrento (Vic)/Dandenong U18/Gold Coast,2012,nationalDraft,11,Forward,13240,Tom,Lynch,236,488,,Tom Lynch,,,
11,https://s.afl.com.au/staticfile/AFL Tenant/AFL/Players/ChampIDImages/AFL/2025014/996765.png,CD_I996765,11,Sydney Swans,MEDIUM_FORWARD,13/07/1996,2016,177,Bunyip (Vic)/Gippsland U18,2016,rookieElevation,,Forward,12866,Tom,Papley,196,304,,Tom Papley,,,
32,https://s.afl.com.au/staticfile/AFL Tenant/AFL/Players/ChampIDImages/AFL/2025014/999391.png,CD_I999391,32,Melbourne,MEDIUM_FORWARD,31/05/2000,2018,183,Bridgewater Callington (SA)/South Adelaide (SANFL),2019,nationalDraft,27,Forward,12693,Tom,Sparrow,117,44,,Tom Sparrow,,,
22,https://s.afl.com.au/staticfile/AFL Tenant/AFL/Players/ChampIDImages/AFL/2025014/1034411.png,CD_I1034411,22,Brisbane Lions,KEY_FORWARD,09/02/2006,2024,194,Kawana Park JAFC/Maroochydore AFC/Brisbane Lions Academy,2025,nationalDraft,42,Forward,13235,Ty,Gallop,7,4,,Ty Gallop,,,
18,https://s.afl.com.au/staticfile/AFL Tenant/AFL/Players/ChampIDImages/AFL/2025014/997230.png,CD_I997230,18,Geelong Cats,MEDIUM_FORWARD,19/10/1998,2018,175,Portland (SA)/LeFevre HS (SA)W-WT (SANFL)/Rich/Adel/W-WT (SANFL),2017,other,,Forward,12552,Tyson,Stengle,110,175,,Tyson Stengle,,,
9,https://s.afl.com.au/staticfile/AFL Tenant/AFL/Players/ChampIDImages/AFL/2025014/997100.png,CD_I997100,9,Sydney Swans,MEDIUM_FORWARD,26/10/1998,2016,186,Walkerville (SA)/St Peter's College (SA)/North Adelaide (SANFL)/Sydney Swans,2017,nationalDraft,21,Forward,13228,Will,Hayward,184,229,,Will Hayward,,,
32,https://s.afl.com.au/staticfile/AFL Tenant/AFL/Players/ChampIDImages/AFL/2025014/291720.png,CD_I291720,32,Collingwood,MEDIUM_FORWARD,02/09/1993,2011,186,North Sunshine (Vic)/Western U18/GWS,2012,nationalDraft,4,Forward,12509,Will,Hoskin-Elliott,242,198,,Will Hoskin-Elliott,,,
15,https://s.afl.com.au/staticfile/AFL Tenant/AFL/Players/ChampIDImages/AFL/2025014/296225.png,CD_I296225,15,Port Adelaide,MEDIUM_FORWARD,04/06/1995,,175,,,,,Forward,12606,Willie,Rioli,109,151,,Willie Rioli,,,
19,https://s.afl.com.au/staticfile/AFL Tenant/AFL/Players/ChampIDImages/AFL/2025014/1017065.png,CD_I1017065,19,Adelaide Crows,MEDIUM_FORWARD,31/01/2003,2021,180,Oak Park (Vic)/Penola Catholic College (Vic)/Calder U18,,nationalDraft,44,Forward,13159,Zac,Taylor,26,8,,Zac Taylor,,,
6,https://s.afl.com.au/staticfile/AFL Tenant/AFL/Players/ChampIDImages/AFL/2025014/294685.png,CD_I294685,6,Carlton,MEDIUM_FORWARD,20/09/1994,2013,186,Albury (NSW)/NSW-ACT U18/Murray U18/GWS,2015,rookieElevation,95,Forward,12175,Zac,Williams,174,69,,Zac Williams,,,
9,https://s.afl.com.au/staticfile/AFL Tenant/AFL/Players/ChampIDImages/AFL/2025014/1002267.png,CD_I1002267,9,North Melbourne,MIDFIELDER,08/06/1999,2017,188,Rye (Vic)/Haileybury College (Vic)/Dandenong U18,2018,nationalDraft,4,Midfielder,12590,Luke,Davies-Uniacke,130,49,56,Luke Davies-Uniacke,,,
37,https://s.afl.com.au/staticfile/AFL Tenant/AFL/Players/ChampIDImages/AFL/2025014/1012013.png,CD_I1012013,37,Essendon,MIDFIELDER_FORWARD,03/04/2001,2021,192,Noranda (WA)/Subiaco (WAFL),2022,preseason,,Midfielder,12945,Nic,Martin,83,62,33,Nic Martin,,,
23,https://s.afl.com.au/staticfile/AFL Tenant/AFL/Players/ChampIDImages/AFL/2025014/1001195.png,CD_I1001195,23,Adelaide Crows,MIDFIELDER_FORWARD,23/04/2000,2018,179,Flinders Park (SA)/Henley High School (SA)/W Adelaide (SANFL)/Gold Coast,2019,nationalDraft,3,Midfielder,12798,Izak,Rankine,105,153,30,Izak Rankine,,,
3,https://s.afl.com.au/staticfile/AFL Tenant/AFL/Players/ChampIDImages/AFL/2025014/1023518.png,CD_I1023518,3,North Melbourne,MIDFIELDER_FORWARD,13/10/2004,2022,185,Ajax (Vic)/Mount Scopus College (Vic)/Sandringham U18,2023,nationalDraft,3,Midfielder,13034,Harry,Sheezel,67,25,28,Harry Sheezel,,,
12,https://s.afl.com.au/staticfile/AFL Tenant/AFL/Players/ChampIDImages/AFL/2025014/993998.png,CD_I993998,12,North Melbourne,MIDFIELDER_FORWARD,05/03/1998,2016,183,Mooroopna (Vic)/Scotch College (Vic)/Murray U18,2017,nationalDraft,12,Midfielder,12502,Jy,Simpkin,173,74,23,Jy Simpkin,,,
12,https://s.afl.com.au/staticfile/AFL Tenant/AFL/Players/ChampIDImages/AFL/2025014/1008550.png,CD_I1008550,12,Hawthorn,MIDFIELDER,05/06/2001,2019,191,PHOS Camden (SA)/Sacred Heart Coll (SA)/West Adel (SANFL),2021,nationalDraft,13,Midfielder,12794,Will,Day,76,19,21,Will Day,,,
9,https://s.afl.com.au/staticfile/AFL Tenant/AFL/Players/ChampIDImages/AFL/2025014/1023492.png,CD_I1023492,9,West Coast Eagles,MIDFIELDER,17/04/2005,2023,187,Tongala/Echuca Under 18s/St. Josephs College/Bendigo Pioneers U18,2024,nationalDraft,1,Midfielder,13111,Harley,Reid,39,24,10,Harley Reid,,,
38,https://s.afl.com.au/staticfile/AFL Tenant/AFL/Players/ChampIDImages/AFL/2025014/1004965.png,CD_I1004965,38,North Melbourne,RUCK,15/03/1999,2017,202,Caroline Springs (Vic)/Western U18,2020,nationalDraft,72,Midfielder,12788,Tristan,Xerri,76,25,8,Tristan Xerri,,,
8,https://s.afl.com.au/staticfile/AFL Tenant/AFL/Players/ChampIDImages/AFL/2025014/1006058.png,CD_I1006058,8,North Melbourne,MIDFIELDER,09/07/2000,2018,186,Broadbeach (Qld),2019,fatherSon,49,Midfielder,12701,Bailey,Scott,113,35,5,Bailey Scott,,,
38,https://s.afl.com.au/staticfile/AFL Tenant/AFL/Players/ChampIDImages/AFL/2025014/1006136.png,CD_I1006136,38,Adelaide Crows,MIDFIELDER,07/03/2000,2018,186,St Bernard's (Vic)/St Bernard's College (Vic)/Calder U18,2021,nationalDraft,64,Midfielder,12814,Lachlan,Sholl,79,26,5,Lachlan Sholl,,,
24,https://s.afl.com.au/staticfile/AFL Tenant/AFL/Players/ChampIDImages/AFL/2025014/1011659.png,CD_I1011659,24,North Melbourne,MIDFIELDER,02/03/2002,2020,184,Unley (SA)/Scotch College (SA)/Sturt (SANFL),2021,nationalDraft,13,Midfielder,13225,Tom,Powell,91,31,5,Tom Powell,,,
6,https://s.afl.com.au/staticfile/AFL Tenant/AFL/Players/ChampIDImages/AFL/2025014/1023477.png,CD_I1023477,6,North Melbourne,MIDFIELDER,11/06/2004,2022,182,St Peters (Vic)/St Kevin's College (Vic)/Oakleigh U18,2024,nationalDraft,4,Midfielder,13064,George,Wardlaw,39,12,4,George Wardlaw,,,
28,https://s.afl.com.au/staticfile/AFL Tenant/AFL/Players/ChampIDImages/AFL/2025014/1023482.png,CD_I1023482,28,Hawthorn,MIDFIELDER,21/01/2004,2022,188,Beaumaris (Vic)/Brighton Grammar (Vic)/Sandringham U18,2023,nationalDraft,7,Midfielder,13031,Cam,Mackenzie,46,12,3,Cam Mackenzie,,,
9,https://s.afl.com.au/staticfile/AFL Tenant/AFL/Players/ChampIDImages/AFL/2025014/1017939.png,CD_I1017939,9,Western Bulldogs,MIDFIELDER_FORWARD,21/01/2005,2023,186,North Launceston Football Club NTJFA (Tas)/Sandringham Dragons U18,2024,nationalDraft,6,Midfielder,13103,Ryley,Sanders,35,13,3,Ryley Sanders,,,
19,https://s.afl.com.au/staticfile/AFL Tenant/AFL/Players/ChampIDImages/AFL/2025014/1023167.png,CD_I1023167,19,West Coast Eagles,MIDFIELDER,05/03/2003,2021,191,Harvey (WA)/Peel Thunder (WAFL),2022,nationalDraft,31,Midfielder,12957,Brady,Hough,75,3,2,Brady Hough,,,
32,https://s.afl.com.au/staticfile/AFL Tenant/AFL/Players/ChampIDImages/AFL/2025014/1006114.png,CD_I1006114,32,West Coast Eagles,RUCK,17/04/2000,2018,201,Pines (Vic)/Western Port SC (Vic)/Dandenong U18,2020,nationalDraft,35,Midfielder,12836,Bailey,Williams,88,30,1,Bailey J Williams,,,
21,https://s.afl.com.au/staticfile/AFL Tenant/AFL/Players/ChampIDImages/AFL/2025014/1000061.png,CD_I1000061,21,North Melbourne,RUCK,13/06/1999,2017,200,Unley (SA)/Scotch College (SA)/Sturt (SANFL)/Richmond,2020,nationalDraft,20,Midfielder,12730,Callum,Coleman-Jones,32,20,1,Callum Coleman-Jones,,,
8,https://s.afl.com.au/staticfile/AFL Tenant/AFL/Players/ChampIDImages/AFL/2025014/1020670.png,CD_I1020670,8,West Coast Eagles,MIDFIELDER,27/05/2004,2022,186,Caversham (WA)/Swan Districts (WAFL),2023,nationalDraft,14,Midfielder,13044,Elijah,Hewett,34,14,1,Elijah Hewett,,,
15,https://s.afl.com.au/staticfile/AFL Tenant/AFL/Players/ChampIDImages/AFL/2025014/1023681.png,CD_I1023681,15,Geelong Cats,MIDFIELDER,14/04/2005,2025,189,Sth Warrnambool/Emmaneul College (Vic)/Greater Western Victoria Rebels U18,,rookieElevation,13,Midfielder,13249,George,Stevens,2,1,1,George Stevens,,,
34,https://s.afl.com.au/staticfile/AFL Tenant/AFL/Players/ChampIDImages/AFL/2025014/1027790.png,CD_I1027790,34,St Kilda,MIDFIELDER,22/05/2005,2023,185,Greenvale (Vic)/Calder Cannons U18,2024,nationalDraft,50,Midfielder,13125,Hugo,Garcia,26,5,1,Hugo Garcia,,,
14,https://s.afl.com.au/staticfile/AFL Tenant/AFL/Players/ChampIDImages/AFL/2025014/1009380.png,CD_I1009380,14,Fremantle,MIDFIELDER,13/08/2001,2019,189,Attadale (WA)/Aquinas College (WA)/East Fremantle (WAFL)/Gold Coast Suns,2020,nationalDraft,27,Midfielder,12820,Jeremy,Sharp,60,20,1,Jeremy Sharp,,,
29,https://s.afl.com.au/staticfile/AFL Tenant/AFL/Players/ChampIDImages/AFL/2025014/1012829.png,CD_I1012829,29,North Melbourne,MIDFIELDER,22/05/2002,2020,181,Beverley Hills (Vic)/Caulfield Grammar (Vic)/Oakleigh U18,2021,nationalDraft,3,Midfielder,13202,Will,Phillips,50,8,1,Will Phillips,,,
12,https://s.afl.com.au/staticfile/AFL Tenant/AFL/Players/ChampIDImages/AFL/2025014/998215.png,CD_I998215,12,Essendon,MIDFIELDER,05/02/1998,2016,192,Albury (NSW)/Scots School (NSW)/Sandringham U18/GWS/Carltom,2017,nationalDraft,5,Midfielder,12877,Will,Setterfield,84,15,1,Will Setterfield,,,
12,https://s.afl.com.au/staticfile/AFL Tenant/AFL/Players/ChampIDImages/AFL/2025014/1020339.png,CD_I1020339,12,Sydney Swans,MIDFIELDER,07/11/2003,2021,178,Mosman Park (WA)/Christ Church Grammar (WA)/Claremont (WAFL),2023,nationalDraft,18,Midfielder,12951,Angus,Sheldrick,29,9,0,Angus Sheldrick,,,
32,https://s.afl.com.au/staticfile/AFL Tenant/AFL/Players/ChampIDImages/AFL/2025014/1020586.png,CD_I1020586,32,Western Bulldogs,MIDFIELDER_FORWARD,18/07/2003,2021,180,Mt Barker (WA)/Wesley College (WA)/Claremont (WAFL),2023,nationalDraft,43,Midfielder,13046,Arthur,Jones,18,7,0,Arthur Jones,,,
44,https://s.afl.com.au/staticfile/AFL Tenant/AFL/Players/ChampIDImages/AFL/2025014/1011950.png,CD_I1011950,44,Gold Coast SUNS,MIDFIELDER,10/10/2001,2025,184,Carey Grammar/Southport (VFL),2025,rookieElevation,10,Midfielder,13257,Ben,Jepson,1,0,0,Ben Jepson,,,
31,https://s.afl.com.au/staticfile/AFL Tenant/AFL/Players/ChampIDImages/AFL/2025014/1015329.png,CD_I1015329,31,Adelaide Crows,MIDFIELDER_FORWARD,01/07/2004,2022,187,Walkerville (SA)/St Peter's College (SA)/North Adelaide U18 (SA),,nationalDraft,43,Midfielder,13150,Billy,Dowling,10,6,0,Billy Dowling,,,
15,https://s.afl.com.au/staticfile/AFL Tenant/AFL/Players/ChampIDImages/AFL/2025014/1018335.png,CD_I1018335,15,Adelaide Crows,MIDFIELDER_FORWARD,18/07/2002,2020,189,Happy Valley (SA)/South Adelaide (SANFL),,nationalDraft,25,Midfielder,12932,Brayden,Cook,30,15,0,Brayden Cook,,,
43,https://s.afl.com.au/staticfile/AFL Tenant/AFL/Players/ChampIDImages/AFL/2025014/1007591.png,CD_I1007591,43,North Melbourne,RUCK,16/10/1999,2022,203,Northampton/East Fremantle (WAFL),2022,other,8,Midfielder,12999,Brynn,Teakle,21,11,0,Brynn Teakle,,,
18,https://s.afl.com.au/staticfile/AFL Tenant/AFL/Players/ChampIDImages/AFL/2025014/1017057.png,CD_I1017057,18,West Coast Eagles,MIDFIELDER,27/04/2003,2021,186,Lavington (NSW)/Melbourne Grammar (Vic)/Sandringham U18/West Coast,2023,nationalDraft,14,Midfielder,13039,Campbell,Chesser,36,7,0,Campbell Chesser,,,
1,https://s.afl.com.au/staticfile/AFL Tenant/AFL/Players/ChampIDImages/AFL/2025014/1006203.png,CD_I1006203,1,Adelaide Crows,MIDFIELDER,14/01/2000,2018,180,Launceston (Tas),2019,nationalDraft,9,Midfielder,12691,Chayce,Jones,97,23,0,Chayce Jones,,,
31,https://s.afl.com.au/staticfile/AFL Tenant/AFL/Players/ChampIDImages/AFL/2025014/1028563.png,CD_I1028563,31,Port Adelaide,MIDFIELDER,08/11/2006,2024,183,Knox/Eastern U18,,nationalDraft,38,Midfielder,13199,Christian,Moraes,14,2,0,Christian Moraes,,,
29,https://s.afl.com.au/staticfile/AFL Tenant/AFL/Players/ChampIDImages/AFL/2025014/1024188.png,CD_I1024188,29,West Coast Eagles,MIDFIELDER,12/05/2005,2023,190,Harvey Brunswick Leschenault (WA)/Peel Thunder (WAFL),,nationalDraft,38,Midfielder,13167,Clay,Hall,16,2,0,Clay Hall,,,
36,https://s.afl.com.au/staticfile/AFL Tenant/AFL/Players/ChampIDImages/AFL/2025014/1032108.png,CD_I1032108,36,Carlton,MIDFIELDER,20/03/2005,2024,184,North Melbourne (VFL)/Sandringham U18,2025,other,9,Midfielder,13170,Cooper,Lord,23,5,0,Cooper Lord,,,
34,https://s.afl.com.au/staticfile/AFL Tenant/AFL/Players/ChampIDImages/AFL/2025014/993940.png,CD_I993940,34,Fremantle,MIDFIELDER,23/03/1997,2015,181,Aspley (NEAFL)/NM/Casey Demons (VFL)/Melb/Port Melb (VFL),2016,nationalDraft,43,Midfielder,12453,Corey,Wagner,57,9,0,Corey Wagner,,,
37,https://s.afl.com.au/staticfile/AFL Tenant/AFL/Players/ChampIDImages/AFL/2025014/1018424.png,CD_I1018424,37,Sydney Swans,MIDFIELDER_FORWARD,07/10/2003,2021,182,Willetton (WA)/Aquinas College (WA)/East Fremantle (WAFL),2024,nationalDraft,40,Midfielder,13053,Corey,Warner,23,10,0,Corey Warner,,,
38,https://s.afl.com.au/staticfile/AFL Tenant/AFL/Players/ChampIDImages/AFL/2025014/1017128.png,CD_I1017128,38,Port Adelaide,RUCK,13/02/2003,2021,202,Brighton Beach (Vic)/Xavier College (Vic)/Sandringham U18,,nationalDraft,56,Midfielder,13073,Dante,Visentini,14,2,0,Dante Visentini,,,
22,https://s.afl.com.au/staticfile/AFL Tenant/AFL/Players/ChampIDImages/AFL/2025014/1027875.png,CD_I1027875,22,St Kilda,MIDFIELDER_FORWARD,18/08/2005,2023,185,Wang Tigers Junior Football Club (Vic)/Murray Bushrangers U18,2024,nationalDraft,18,Midfielder,13110,Darcy,Wilson,41,30,0,Darcy Wilson,,,
16,https://s.afl.com.au/staticfile/AFL Tenant/AFL/Players/ChampIDImages/AFL/2025014/1022915.png,CD_I1022915,16,Collingwood,MIDFIELDER,26/05/2004,2022,194,Mosman Park (WA)/Claremont (WAFL),2025,nationalDraft,19,Midfielder,13146,Edward,Allan,15,2,0,Edward Allan,,,
5,https://s.afl.com.au/staticfile/AFL Tenant/AFL/Players/ChampIDImages/AFL/2025014/1023785.png,CD_I1023785,5,Essendon,MIDFIELDER,18/10/2004,2022,187,Surrey Park (Vic)/Wesley College (Vic)/Oakleigh U18,2024,nationalDraft,5,Midfielder,13087,Elijah,Tsatas,16,3,0,Elijah Tsatas,,,
49,https://s.afl.com.au/staticfile/AFL Tenant/AFL/Players/ChampIDImages/AFL/2025014/1027887.png,CD_I1027887,49,Port Adelaide,MIDFIELDER_FORWARD,18/07/2003,2025,182,North Adelaide (SANFL),,other,11,Midfielder,13269,Ewan,Mackinlay,1,1,0,Ewan Mackinlay,,,
38,https://s.afl.com.au/staticfile/AFL Tenant/AFL/Players/ChampIDImages/AFL/2025014/1032624.png,CD_I1032624,38,West Coast Eagles,MIDFIELDER_FORWARD,02/05/2006,2024,190,Subiaco JFC/Claremont (WAFL),,nationalDraft,65,Midfielder,13210,Hamish,Davis,8,1,0,Hamish Davis,,,
23,https://s.afl.com.au/staticfile/AFL Tenant/AFL/Players/ChampIDImages/AFL/2025014/1011755.png,CD_I1011755,23,Essendon,MIDFIELDER_FORWARD,25/02/2001,2019,196,Gisborne (Vic)/PEGS (Vic)/Calder U18,2020,nationalDraft,30,Midfielder,13270,Harry,Jones,59,55,0,Harry Jones,,,
31,https://s.afl.com.au/staticfile/AFL Tenant/AFL/Players/ChampIDImages/AFL/2025014/1000958.png,CD_I1000958,31,St Kilda,RUCK,11/02/1998,2024,198,Shepparton/Werribee (VFL)/Norwood (SANFL),2025,preseason,,Midfielder,12811,Harry,Boyd,1,0,0,Harry Boyd,,,
24,https://s.afl.com.au/staticfile/AFL Tenant/AFL/Players/ChampIDImages/AFL/2025014/1021122.png,CD_I1021122,24,GWS GIANTS,MIDFIELDER,12/08/2004,2022,182,Griffith (NSW)/Calder U18,2025,nationalDraft,16,Midfielder,13045,Harry,Rowston,17,6,0,Harry Rowston,,,
26,https://s.afl.com.au/staticfile/AFL Tenant/AFL/Players/ChampIDImages/AFL/2025014/1008543.png,CD_I1008543,26,Adelaide Crows,MIDFIELDER,21/02/2001,2019,180,Mintaro-Manoora (SA)/Woodville-West Torrens (SANFL)/Adelaide,2021,nationalDraft,24,Midfielder,12813,Harry,Schoenberg,62,22,0,Harry Schoenberg,,,
19,https://s.afl.com.au/staticfile/AFL Tenant/AFL/Players/ChampIDImages/AFL/2025014/1028546.png,CD_I1028546,19,Melbourne,MIDFIELDER,15/03/2006,2024,190,Mount Martha JFC/Dandenong U18,2025,nationalDraft,6,Midfielder,13184,Harvey,Langford,22,14,0,Harvey Langford,,,
44,https://s.afl.com.au/staticfile/AFL Tenant/AFL/Players/ChampIDImages/AFL/2025014/1023680.png,CD_I1023680,44,Hawthorn,MIDFIELDER,20/07/2004,2022,195,Rosebud (Vic)/Rosebud Secondary College (Vic)/Dandenong U18,2023,nationalDraft,37,Midfielder,13091,Henry,Hustwaite,10,2,0,Henry Hustwaite,,,
38,https://s.afl.com.au/staticfile/AFL Tenant/AFL/Players/ChampIDImages/AFL/2025014/1029148.png,CD_I1029148,38,St Kilda,MIDFIELDER,11/07/2006,2024,188,Swanbourne JFC/Claremont (WAFL),2025,nationalDraft,45,Midfielder,13220,Hugh,Boxshall,11,2,0,Hugh Boxshall,,,
39,https://s.afl.com.au/staticfile/AFL Tenant/AFL/Players/ChampIDImages/AFL/2025014/1015330.png,CD_I1015330,39,Port Adelaide,MIDFIELDER_FORWARD,03/05/2003,,182,,,,,Midfielder,13230,Hugh,Jackson,9,1,0,Hugh Jackson,,,
13,https://s.afl.com.au/staticfile/AFL Tenant/AFL/Players/ChampIDImages/AFL/2025014/1011985.png,CD_I1011985,13,Richmond,MIDFIELDER,09/11/2001,2019,187,East Brighton (Vic)/Haileybury College (Vic)/Sandringham U18,2022,nationalDraft,46,Midfielder,12902,Hugo,Ralphsmith,62,21,0,Hugo Ralphsmith,,,
18,https://s.afl.com.au/staticfile/AFL Tenant/AFL/Players/ChampIDImages/AFL/2025014/1013233.png,CD_I1013233,18,St Kilda,MIDFIELDER,20/12/2002,2020,188,Chapman Valley (WA)/East Fremantle (WAFL),2023,nationalDraft,41,Midfielder,12976,Jack,Carroll,24,5,0,Jack Carroll,,,
44,https://s.afl.com.au/staticfile/AFL Tenant/AFL/Players/ChampIDImages/AFL/2025014/1036098.png,CD_I1036098,44,West Coast Eagles,MIDFIELDER,10/11/2001,2024,190,Collingwood (VFL),2025,other,3,Midfielder,13151,Jack,Hutchinson,23,3,0,Jack Hutchinson,,,
10,https://s.afl.com.au/staticfile/AFL Tenant/AFL/Players/ChampIDImages/AFL/2025014/1004530.png,CD_I1004530,10,GWS GIANTS,MIDFIELDER,05/07/1998,2020,185,Balaklava (SA)/Woodville-West Torrens (SANFL)/GWS Giants,2023,nationalDraft,59,Midfielder,12402,Jacob,Wehr,39,7,0,Jacob Wehr,,,
46,https://s.afl.com.au/staticfile/AFL Tenant/AFL/Players/ChampIDImages/AFL/2025014/1020802.png,CD_I1020802,46,Melbourne,MIDFIELDER,24/02/2003,2022,194,Langwarrin (Vic)/Elisabeth Murdoch College (Vic)/Dandenong U18/West Coast,,other,1,Midfielder,13015,Jai,Culley,16,10,0,Jai Culley,,,
36,https://s.afl.com.au/staticfile/AFL Tenant/AFL/Players/ChampIDImages/AFL/2025014/1031829.png,CD_I1031829,36,Richmond,MIDFIELDER,15/06/2002,2023,188,Berwick (Vic)/Carey Grammar (Vic)/Gippsland U18/Tooradin-Dalmore (Vic)/Richmond (VFL),2025,other,12,Midfielder,13095,James,Trezise,24,3,0,James Trezise,,,
29,https://s.afl.com.au/staticfile/AFL Tenant/AFL/Players/ChampIDImages/AFL/2025014/1021108.png,CD_I1021108,29,Brisbane Lions,MIDFIELDER,18/07/2003,2021,187,Busselton (WA)/Bunbury Grammar (WA)/East Perth (WAFL),2023,nationalDraft,41,Midfielder,13005,James,Tunstill,12,1,0,James Tunstill,,,
25,https://s.afl.com.au/staticfile/AFL Tenant/AFL/Players/ChampIDImages/AFL/2025014/1023533.png,CD_I1023533,25,Carlton,MIDFIELDER,29/10/2004,2022,183,Berwick (Vic)/Caulfield Grammar (Vic)/Dandenong U18,2024,nationalDraft,32,Midfielder,13127,Jaxon,Binns,8,3,0,Jaxon Binns,,,
28,https://s.afl.com.au/staticfile/AFL Tenant/AFL/Players/ChampIDImages/AFL/2025014/1019916.png,CD_I1019916,28,Richmond,MIDFIELDER,01/03/2005,2023,187,Central Augusta (Spencer Gulf Football League) (SA)/North Adelaide (SANFL),2025,nationalDraft,40,Midfielder,13117,Kane,McAuliffe,14,0,0,Kane McAuliffe,,,
18,https://s.afl.com.au/staticfile/AFL Tenant/AFL/Players/ChampIDImages/AFL/2025014/1023346.png,CD_I1023346,18,Fremantle,RUCK,14/06/2000,2025,204,Beaumaris (Vic)/East Brighton (Vic)/Brighton SC (Vic)/Frankston (VFL)/Fremantle,2024,other,,Midfielder,13172,Liam,Reidy,3,0,0,Liam Reidy,,,
34,https://s.afl.com.au/staticfile/AFL Tenant/AFL/Players/ChampIDImages/AFL/2025014/1027706.png,CD_I1027706,34,Essendon,MIDFIELDER,28/03/2005,2023,181,South Warrnambool Football Netball Club (Vic)/Greater Western Victoria Rebels U18,2025,nationalDraft,39,Midfielder,13234,Luamon,Lual,12,4,0,Luamon Lual,,,
21,https://s.afl.com.au/staticfile/AFL Tenant/AFL/Players/ChampIDImages/AFL/2025014/1022452.png,CD_I1022452,21,Carlton,MIDFIELDER,21/07/2006,2024,184,Brighton Bombers/Glenelg (SANFL),2025,fatherSon,54,Midfielder,13176,Lucas,Camporeale,3,0,0,Lucas Camporeale,,,
31,https://s.afl.com.au/staticfile/AFL Tenant/AFL/Players/ChampIDImages/AFL/2025014/1018992.png,CD_I1018992,31,West Coast Eagles,MIDFIELDER,15/09/2006,2024,184,Bacchus Marsh FNC/Western U18,2025,nationalDraft,48,Midfielder,13271,Lucca,Grego,1,0,0,Lucca Grego,,,
17,https://s.afl.com.au/staticfile/AFL Tenant/AFL/Players/ChampIDImages/AFL/2025014/1008805.png,CD_I1008805,17,Brisbane Lions,MIDFIELDER,18/04/2001,2024,185,SMOSH West Lakes JFC/Woodville-West Torrens (SANFL),,other,17,Midfielder,13268,Luke,Beecken,1,0,0,Luke Beecken,,,
27,https://s.afl.com.au/staticfile/AFL Tenant/AFL/Players/ChampIDImages/AFL/2025014/1021031.png,CD_I1021031,27,Adelaide Crows,MIDFIELDER,25/05/2003,2021,189,Bentleigh (Vic)/Bentleigh SC (Vic)/Sandringham U18,2025,preseason,2,Midfielder,13081,Luke,Nankervis,31,1,0,Luke Nankervis,,,
50,https://s.afl.com.au/staticfile/AFL Tenant/AFL/Players/ChampIDImages/AFL/2025014/1008649.png,CD_I1008649,50,Port Adelaide,MIDFIELDER,20/02/2002,2025,184,Central District (SANFL)/Port Adelaide (SANFL),,other,16,Midfielder,13239,Mani,Liddy,9,1,0,Mani Liddy,,,
25,https://s.afl.com.au/staticfile/AFL Tenant/AFL/Players/ChampIDImages/AFL/2025014/993902.png,CD_I993902,25,West Coast Eagles,RUCK,13/09/1997,2015,202,Narrandera (NSW)/NSW-ACT U18/GWS Giants,2017,nationalDraft,41,Midfielder,12258,Matt,Flynn,55,17,0,Matt Flynn,,,
44,https://s.afl.com.au/staticfile/AFL Tenant/AFL/Players/ChampIDImages/AFL/2025014/1016825.png,CD_I1016825,44,Fremantle,MIDFIELDER,16/03/2003,2021,193,North Beach (WA)/Subiaco (WAFL),2023,nationalDraft,21,Midfielder,13047,Matthew,Johnson,55,9,0,Matthew Johnson,,,
10,https://s.afl.com.au/staticfile/AFL Tenant/AFL/Players/ChampIDImages/AFL/2025014/1021103.png,CD_I1021103,10,Geelong Cats,MIDFIELDER,08/01/2003,2021,193,Grovedale (Vic)/Grovedale College (Vic)/Geelong U18,2025,nationalDraft,25,Midfielder,12727,Mitch,Knevitt,21,5,0,Mitch Knevitt,,,
21,https://s.afl.com.au/staticfile/AFL Tenant/AFL/Players/ChampIDImages/AFL/2025014/1021013.png,CD_I1021013,21,Gold Coast SUNS,RUCK,15/02/2002,2021,206,Kew Rovers (Vic)/Xavier Coll (Vic)/Oakl U18/Old Xaverians (Vic),2022,other,5,Midfielder,13050,Ned,Moyle,13,2,0,Ned Moyle,,,
7,https://s.afl.com.au/staticfile/AFL Tenant/AFL/Players/ChampIDImages/AFL/2025014/1001024.png,CD_I1001024,7,Hawthorn,RUCK,31/10/1998,2018,210,East Malvern (Vic)/St Kevin's Coll (Vic)/Oakl U18/St Kevin's OB (Vic),2022,preseason,,Midfielder,12906,Ned,Reeves,43,11,0,Ned Reeves,,,
41,https://s.afl.com.au/staticfile/AFL Tenant/AFL/Players/ChampIDImages/AFL/2025014/1023743.png,CD_I1023743,41,GWS GIANTS,RUCK,17/05/2004,2022,204,Osborne (NSW),,other,,Midfielder,12699,Nick,Madden,3,0,0,Nick Madden,,,
24,https://s.afl.com.au/staticfile/AFL Tenant/AFL/Players/ChampIDImages/AFL/2025014/1011954.png,CD_I1011954,24,Essendon,RUCK,22/10/2001,2019,203,Glen Iris (Vic)/St Kevin's College (Vic)/Oakleigh U18,2021,nationalDraft,38,Midfielder,12608,Nick,Bryan,23,2,0,Nick Bryan,,,
7,https://s.afl.com.au/staticfile/AFL Tenant/AFL/Players/ChampIDImages/AFL/2025014/297456.png,CD_I297456,7,Gold Coast SUNS,MIDFIELDER_FORWARD,29/05/1995,2017,188,Kyabram (Vic)/Murray U18/Carlton/Central District (SANFL),2014,rookieElevation,19,Midfielder,12563,Nick,Holman,147,78,0,Nick Holman,,,
13,https://s.afl.com.au/staticfile/AFL Tenant/AFL/Players/ChampIDImages/AFL/2025014/1008855.png,CD_I1008855,13,Western Bulldogs,MIDFIELDER,25/05/1998,2017,184,Wilston Grange (Qld)/Aspley (NEAFL)/Melbourne,2021,nationalDraft,48,Midfielder,12723,Oskar,Baker,48,14,0,Oskar Baker,,,
38,https://s.afl.com.au/staticfile/AFL Tenant/AFL/Players/ChampIDImages/AFL/2025014/1006533.png,CD_I1006533,38,Western Bulldogs,MIDFIELDER_FORWARD,30/01/2001,2019,178,Caversham (WA)/Swan Districts (WAFL),2025,nationalDraft,62,Midfielder,12907,Riley,Garcia,39,15,0,Riley Garcia,,,
46,https://s.afl.com.au/staticfile/AFL Tenant/AFL/Players/ChampIDImages/AFL/2025014/1023144.png,CD_I1023144,46,North Melbourne,MIDFIELDER_FORWARD,13/03/2004,2023,182,Mines Rovers (WA)/Trinity College (WA)/Subiaco (WAFL),2025,other,2,Midfielder,13085,Robert,Hansen,20,7,0,Robert Hansen Jr,,,
41,https://s.afl.com.au/staticfile/AFL Tenant/AFL/Players/ChampIDImages/AFL/2025014/1015919.png,CD_I1015919,41,Essendon,MIDFIELDER,15/05/2001,2024,184,Altona/Northern Bullants (VFL),,other,13,Midfielder,13203,Saad,El-Hawli,9,1,0,Saad El-Hawli,,,
33,https://s.afl.com.au/staticfile/AFL Tenant/AFL/Players/ChampIDImages/AFL/2025014/1013257.png,CD_I1013257,33,Gold Coast SUNS,MIDFIELDER,12/12/2002,2023,189,Darley/Werribee (VFL),2025,rookieElevation,4,Midfielder,13119,Sam,Clohesy,34,10,0,Sam Clohesy,,,
42,https://s.afl.com.au/staticfile/AFL Tenant/AFL/Players/ChampIDImages/AFL/2025014/1036123.png,CD_I1036123,42,Western Bulldogs,MIDFIELDER,13/12/2001,2024,191,East Brighton JFC/Richmond VFL,2025,nationalDraft,51,Midfielder,13178,Sam,Davidson,19,13,0,Sam Davidson,,,
32,https://s.afl.com.au/staticfile/AFL Tenant/AFL/Players/ChampIDImages/AFL/2025014/1012386.png,CD_I1012386,32,Richmond,RUCK,09/12/2000,2020,206,Sherwood (Qld),2023,nationalDraft,40,Midfielder,12918,Samson,Ryan,25,15,0,Samson Ryan,,,
34,https://s.afl.com.au/staticfile/AFL Tenant/AFL/Players/ChampIDImages/AFL/2025014/1022607.png,CD_I1022607,34,Adelaide Crows,MIDFIELDER_FORWARD,05/07/2006,2024,182,Willunga/South Adelaide (SANFL),2025,nationalDraft,4,Midfielder,13175,Sid,Draper,10,3,0,Sid Draper,,,
40,https://s.afl.com.au/staticfile/AFL Tenant/AFL/Players/ChampIDImages/AFL/2025014/1018425.png,CD_I1018425,40,Melbourne,MIDFIELDER,26/03/2003,,182,,,,,Midfielder,13076,Taj,Woewodin,21,3,0,Taj Woewodin,,,
40,https://s.afl.com.au/staticfile/AFL Tenant/AFL/Players/ChampIDImages/AFL/2025014/1023542.png,CD_I1023542,40,Geelong Cats,MIDFIELDER_FORWARD,06/09/2004,2022,184,"St Josephs, Geelong (Vic)/St Joseph's College, Geelong (Vic)/Geelong U18",2023,other,,Midfielder,13093,Ted,Clohesy,12,2,0,Ted Clohesy,,,
27,https://s.afl.com.au/staticfile/AFL Tenant/AFL/Players/ChampIDImages/AFL/2025014/1009226.png,CD_I1009226,27,Richmond,MIDFIELDER,16/10/2001,,184,,,,,Midfielder,12595,Thomson,Dow,45,2,0,Thomson Dow,,,
27,https://s.afl.com.au/staticfile/AFL Tenant/AFL/Players/ChampIDImages/AFL/2025014/1028561.png,CD_I1028561,27,West Coast Eagles,MIDFIELDER_FORWARD,15/09/2006,2024,183,Kew Rovers FC Inc./Oakleigh U18,,nationalDraft,46,Midfielder,13173,Tom,Gross,8,1,0,Tom Gross,,,
43,https://s.afl.com.au/staticfile/AFL Tenant/AFL/Players/ChampIDImages/AFL/2025014/1023142.png,CD_I1023142,43,West Coast Eagles,MIDFIELDER,27/03/2004,2022,185,Mines Rovers (WA)/Subiaco (WAFL),2024,other,,Midfielder,13141,Tyrell,Dewar,23,10,0,Tyrell Dewar,,,
39,https://s.afl.com.au/staticfile/AFL Tenant/AFL/Players/ChampIDImages/AFL/2025014/1027966.png,CD_I1027966,39,Essendon,RUCK,05/09/2005,2023,203,Brighton Beach (Vic)/Sandringham Dragons U18,,rookieElevation,8,Midfielder,13241,Vigo,Visentini,2,0,0,Vigo Visentini,,,
20,https://s.afl.com.au/staticfile/AFL Tenant/AFL/Players/ChampIDImages/AFL/2025014/1028531.png,CD_I1028531,20,Melbourne,MIDFIELDER,03/08/2006,2024,183,Inverloch-Kongwak JFC/Gippsland U18,2025,nationalDraft,11,Midfielder,13185,Xavier,Lindsay,18,2,0,Xavier Lindsay,,,
5,https://s.afl.com.au/staticfile/AFL Tenant/AFL/Players/ChampIDImages/AFL/2025014/1002239.png,CD_I1002239,5,Carlton,MIDFIELDER,07/10/1999,2017,188,Norwood (Vic)/Wesley College (Vic)/Eastern U18/Fremantle,2019,nationalDraft,5,Midfielder,12603,Adam,Cerra,148,39,,Adam Cerra,,,
1,https://s.afl.com.au/staticfile/AFL Tenant/AFL/Players/ChampIDImages/AFL/2025014/291790.png,CD_I291790,1,Western Bulldogs,MIDFIELDER_FORWARD,09/03/1993,2011,185,Noble Park (Vic)/Dandenong U18/GWS/Collingwood,2013,other,,Midfielder,12054,Adam,Treloar,258,156,,Adam Treloar,,,
5,https://s.afl.com.au/staticfile/AFL Tenant/AFL/Players/ChampIDImages/AFL/2025014/1013268.png,CD_I1013268,5,Gold Coast SUNS,MIDFIELDER,18/03/2002,2020,193,Manunda Cairns (Qld)/Broadbeach (Qld),2022,other,,Midfielder,12942,Alex,Davies,40,12,,Alex Davies,,,
8,https://s.afl.com.au/staticfile/AFL Tenant/AFL/Players/ChampIDImages/AFL/2025014/1002232.png,CD_I1002232,8,Fremantle,MIDFIELDER,08/11/1999,2017,185,Hampton Rovers (Vic)/Haileybury College (Vic)/Sandringham U18,2018,nationalDraft,2,Midfielder,12589,Andrew,Brayshaw,170,57,,Andrew Brayshaw,,,
19,https://s.afl.com.au/staticfile/AFL Tenant/AFL/Players/ChampIDImages/AFL/2025014/1023500.png,CD_I1023500,19,Gold Coast SUNS,MIDFIELDER_FORWARD,11/09/2004,2022,186,Moe (Vic)/Lowanna College (Vic)/Gippsland U18,2024,nationalDraft,6,Midfielder,13049,Bailey,Humphrey,63,50,,Bailey Humphrey,,,
3,https://s.afl.com.au/staticfile/AFL Tenant/AFL/Players/ChampIDImages/AFL/2025014/1006130.png,CD_I1006130,3,Geelong Cats,MIDFIELDER,07/12/2000,2018,185,East Malvern (Vic)/Xavier College (Vic)/Old Xavs (Vic)/Sandringham U18/Western Bulldogs,2019,nationalDraft,7,Midfielder,12692,Bailey,Smith,127,52,,Bailey Smith,,,
34,https://s.afl.com.au/staticfile/AFL Tenant/AFL/Players/ChampIDImages/AFL/2025014/992351.png,CD_I992351,34,Western Bulldogs,MIDFIELDER,10/10/1997,2015,190,Brighton District &amp; Old Scholars (SA)/Glenelg (SANFL),2016,nationalDraft,48,Midfielder,12441,Bailey,Williams,174,43,,Bailey Williams,,,
13,https://s.afl.com.au/staticfile/AFL Tenant/AFL/Players/ChampIDImages/AFL/2025014/296294.png,CD_I296294,13,Carlton,MIDFIELDER,07/10/1995,2013,193,Edgewater-Woodvale (WA)/West Perth (WAFL)/St Kilda/Fremantle,2015,nationalDraft,19,Midfielder,12276,Blake,Acres,187,65,,Blake Acres,,,
8,https://s.afl.com.au/staticfile/AFL Tenant/AFL/Players/ChampIDImages/AFL/2025014/295584.png,CD_I295584,8,St Kilda,MIDFIELDER_FORWARD,09/07/1993,2011,182,Quinns District (WA)/West Perth (WAFL)/Hawthorn/Fremantle,2012,nationalDraft,33,Midfielder,12060,Bradley,Hill,277,109,,Bradley Hill,,,
8,https://s.afl.com.au/staticfile/AFL Tenant/AFL/Players/ChampIDImages/AFL/2025014/993799.png,CD_I993799,8,Gold Coast SUNS,MIDFIELDER,22/08/1997,2015,187,Greensborough (Vic)/Northern U18/Gold Coast,2016,nationalDraft,20,Midfielder,12481,Brayden,Fiorini,123,41,,Brayden Fiorini,,,
4,https://s.afl.com.au/staticfile/AFL Tenant/AFL/Players/ChampIDImages/AFL/2025014/293957.png,CD_I293957,4,Sydney Swans,RUCK,15/04/1994,2012,202,Unley (SA)/Sturt (SANFL)/Collingwood/Melbourne,2014,nationalDraft,18,Midfielder,12217,Brodie,Grundy,242,79,,Brodie Grundy,,,
38,https://s.afl.com.au/staticfile/AFL Tenant/AFL/Players/ChampIDImages/AFL/2025014/1009317.png,CD_I1009317,38,Brisbane Lions,MIDFIELDER,22/02/2001,2023,185,Western Magpies/Maryborough/Brisbane Lions (VFL),,other,,Midfielder,13138,Bruce,Reville,26,7,,Bruce Reville,,,
3,https://s.afl.com.au/staticfile/AFL Tenant/AFL/Players/ChampIDImages/AFL/2025014/1009420.png,CD_I1009420,3,Fremantle,MIDFIELDER,09/02/2001,2019,180,Warragul (Vic)/Geelong Grammar (Vic)/Gippsland U18,2020,nationalDraft,8,Midfielder,12786,Caleb,Serong,127,37,,Caleb Serong,,,
8,https://s.afl.com.au/staticfile/AFL Tenant/AFL/Players/ChampIDImages/AFL/2025014/280109.png,CD_I280109,8,GWS GIANTS,MIDFIELDER,10/04/1990,2007,187,Spotswood (Vic)/Western U18/Western Bulldogs,2008,nationalDraft,19,Midfielder,11677,Callan,Ward,327,163,,Callan Ward,,,
1,https://s.afl.com.au/staticfile/AFL Tenant/AFL/Players/ChampIDImages/AFL/2025014/1012014.png,CD_I1012014,1,Sydney Swans,MIDFIELDER,19/05/2001,2019,185,Willetton (WA)/Aquinas College (WA)/East Fremantle (WAFL),2020,nationalDraft,39,Midfielder,12797,Chad,Warner,108,98,,Chad Warner,,,
5,https://s.afl.com.au/staticfile/AFL Tenant/AFL/Players/ChampIDImages/AFL/2025014/298210.png,CD_I298210,5,Melbourne,MIDFIELDER_FORWARD,04/01/1996,2014,187,Beverley Hills (Vic)/Eastern U18/Melbourne,2017,nationalDraft,2,Midfielder,12430,Christian,Petracca,212,202,,Christian Petracca,,,
13,https://s.afl.com.au/staticfile/AFL Tenant/AFL/Players/ChampIDImages/AFL/2025014/996701.png,CD_I996701,13,Melbourne,MIDFIELDER,22/07/1997,2015,189,Mooroopna (Vic)/Bendigo U18/Murray U18/Melbourne,2016,nationalDraft,4,Midfielder,12410,Clayton,Oliver,205,58,,Clayton Oliver,,,
11,https://s.afl.com.au/staticfile/AFL Tenant/AFL/Players/ChampIDImages/AFL/2025014/1007124.png,CD_I1007124,11,Hawthorn,MIDFIELDER,28/07/1998,2016,198,County Meath (Ireland),2017,other,,Midfielder,12670,Conor,Nash,120,22,,Conor Nash,,,
6,https://s.afl.com.au/staticfile/AFL Tenant/AFL/Players/ChampIDImages/AFL/2025014/1024023.png,CD_I1024023,6,Adelaide Crows,MIDFIELDER,08/03/2005,2023,197,West Coast JFC (WA)/Claremont (WAFL),2025,nationalDraft,8,Midfielder,13132,Daniel,Curtin,32,14,,Daniel Curtin,,,
14,https://s.afl.com.au/staticfile/AFL Tenant/AFL/Players/ChampIDImages/AFL/2025014/990291.png,CD_I990291,14,Collingwood,RUCK,18/07/1995,2016,204,North Albany (WA)/Claremont (WAFL)/Sydney,2017,nationalDraft,48,Midfielder,12660,Darcy,Cameron,120,69,,Darcy Cameron,,,
32,https://s.afl.com.au/staticfile/AFL Tenant/AFL/Players/ChampIDImages/AFL/2025014/298211.png,CD_I298211,32,Brisbane Lions,RUCK,06/08/1993,2018,204,Sth Barwon (Vic)/Geel U18/Werribee (VFL)/Foots (VFL)/Cent Dist (SANFL)/Geel,2019,nationalDraft,65,Midfielder,12724,Darcy,Fort,58,21,,Darcy Fort,,,
3,https://s.afl.com.au/staticfile/AFL Tenant/AFL/Players/ChampIDImages/AFL/2025014/993817.png,CD_I993817,3,Essendon,MIDFIELDER,25/07/1997,2015,180,Winchelsea (Vic)/Geelong U18,2016,nationalDraft,5,Midfielder,12406,Darcy,Parish,165,55,,Darcy Parish,,,
3,https://s.afl.com.au/staticfile/AFL Tenant/AFL/Players/ChampIDImages/AFL/2025014/290627.png,CD_I290627,3,Richmond,MIDFIELDER,12/10/1992,2010,175,West Lalor (Vic)/Assumption Coll (Vic)/Calder U18/Gold Coast,2011,nationalDraft,9,Midfielder,11917,Dion,Prestia,237,77,,Dion Prestia,,,
9,https://s.afl.com.au/staticfile/AFL Tenant/AFL/Players/ChampIDImages/AFL/2025014/291783.png,CD_I291783,9,Essendon,MIDFIELDER,09/03/1993,2011,182,Edithvale-Aspendale (Vic)/Caulfield Gram (Vic)/Dande U18/GWS,2012,other,,Midfielder,12022,Dylan,Shiel,234,93,,Dylan Shiel,,,
15,https://s.afl.com.au/staticfile/AFL Tenant/AFL/Players/ChampIDImages/AFL/2025014/1004848.png,CD_I1004848,15,North Melbourne,MIDFIELDER,08/01/2001,2019,184,Red Cliffs (Vic)/Walkerville (SA)/St Peter's Coll (SA)/Norwood (SANFL)/Sydney Swans,2020,nationalDraft,5,Midfielder,12796,Dylan,Stephens,81,17,,Dylan Stephens,,,
15,https://s.afl.com.au/staticfile/AFL Tenant/AFL/Players/ChampIDImages/AFL/2025014/298264.png,CD_I298264,15,Melbourne,MIDFIELDER_FORWARD,01/02/1996,2014,182,Glen Iris (Vic)/Melb Grammar (Vic)/Sandringham U18/Fremantle,2016,nationalDraft,54,Midfielder,12393,Ed,Langdon,202,84,,Ed Langdon,,,
20,https://s.afl.com.au/staticfile/AFL Tenant/AFL/Players/ChampIDImages/AFL/2025014/1008280.png,CD_I1008280,20,Western Bulldogs,MIDFIELDER,03/07/1999,2017,188,Hawthorn Citizens (Vic)/Carey Grammar (Vic)/Oakleigh U18,2019,nationalDraft,16,Midfielder,12605,Ed,Richards,148,58,,Ed Richards,,,
21,https://s.afl.com.au/staticfile/AFL Tenant/AFL/Players/ChampIDImages/AFL/2025014/1013128.png,CD_I1013128,21,Sydney Swans,MIDFIELDER,18/07/2002,2020,175,UNSW-Eastern Suburbs (NSW),2021,nationalDraft,32,Midfielder,12862,Errol,Gulden,103,75,,Errol Gulden,,,
17,https://s.afl.com.au/staticfile/AFL Tenant/AFL/Players/ChampIDImages/AFL/2025014/1023266.png,CD_I1023266,17,GWS GIANTS,MIDFIELDER,26/04/2003,2021,192,Mordialloc-Braeside (Vic)/St Bede's College (Vic)/Sandringham U18,2023,nationalDraft,3,Midfielder,12969,Finn,Callaghan,71,13,,Finn Callaghan,,,
29,https://s.afl.com.au/staticfile/AFL Tenant/AFL/Players/ChampIDImages/AFL/2025014/294036.png,CD_I294036,29,Carlton,MIDFIELDER,29/12/1995,2013,187,Broughton-Mundoora (SA)/North Adelaide (SANFL)/Sydney,2015,nationalDraft,32,Midfielder,12411,George,Hewett,202,53,,George Hewett,,,
1,https://s.afl.com.au/staticfile/AFL Tenant/AFL/Players/ChampIDImages/AFL/2025014/1000963.png,CD_I1000963,1,Hawthorn,MIDFIELDER,12/11/1998,2016,184,Benalla Saints (Vic)/Murray U18,2017,nationalDraft,74,Midfielder,13227,Harry,Morrison,123,30,,Harry Morrison,,,
26,https://s.afl.com.au/staticfile/AFL Tenant/AFL/Players/ChampIDImages/AFL/2025014/1009256.png,CD_I1009256,26,Fremantle,MIDFIELDER,11/04/2001,2019,189,Somerville (Vic)/Mornington SC (Vic)/Dandenong U18,2021,nationalDraft,7,Midfielder,12777,Hayden,Young,89,22,,Hayden Young,,,
6,https://s.afl.com.au/staticfile/AFL Tenant/AFL/Players/ChampIDImages/AFL/2025014/1000978.png,CD_I1000978,6,Brisbane Lions,MIDFIELDER,03/03/1998,2016,187,South Warrnambool (Vic)/North Ballarat U18,2017,nationalDraft,3,Midfielder,12518,Hugh,McCluggage,210,138,,Hugh McCluggage,,,
11,https://s.afl.com.au/staticfile/AFL Tenant/AFL/Players/ChampIDImages/AFL/2025014/1002264.png,CD_I1002264,11,St Kilda,MIDFIELDER,26/03/1999,2017,186,Mornington (Vic)/Padua College (Vic)/Dandenong U18,2018,nationalDraft,7,Midfielder,12591,Hunter,Clark,111,14,,Hunter Clark,,,
44,https://s.afl.com.au/staticfile/AFL Tenant/AFL/Players/ChampIDImages/AFL/2025014/1001396.png,CD_I1001396,44,Adelaide Crows,MIDFIELDER,11/08/1998,2016,188,North Broken Hill (NSW)/North Adelaide (SANFL)/WSU (NEAFL)/GWS GIANTS,2017,nationalDraft,20,Midfielder,12629,Isaac,Cumming,105,17,,Isaac Cumming,,,
5,https://s.afl.com.au/staticfile/AFL Tenant/AFL/Players/ChampIDImages/AFL/2025014/298539.png,CD_I298539,5,Sydney Swans,MIDFIELDER,05/05/1996,2014,185,Cardiff (NSW),2015,nationalDraft,18,Midfielder,12326,Isaac,Heeney,224,298,,Isaac Heeney,,,
13,https://s.afl.com.au/staticfile/AFL Tenant/AFL/Players/ChampIDImages/AFL/2025014/998529.png,CD_I998529,13,Port Adelaide,RUCK,14/04/1996,2017,204,Northern U18/Richmond,2016,rookieElevation,,Midfielder,12529,Ivan,Soldo,66,28,,Ivan Soldo,,,
14,https://s.afl.com.au/staticfile/AFL Tenant/AFL/Players/ChampIDImages/AFL/2025014/296351.png,CD_I296351,14,Melbourne,MIDFIELDER,18/08/1995,,185,,,,,Midfielder,12249,Jack,Billings,172,112,,Jack Billings,,,
12,https://s.afl.com.au/staticfile/AFL Tenant/AFL/Players/ChampIDImages/AFL/2025014/998260.png,CD_I998260,12,Geelong Cats,MIDFIELDER,26/01/1998,2016,189,Surfers Paradise (Qld)/Cairns Saints (Qld)/Gold Coast,2017,nationalDraft,10,Midfielder,12499,Jack,Bowes,144,47,,Jack Bowes,,,
25,https://s.afl.com.au/staticfile/AFL Tenant/AFL/Players/ChampIDImages/AFL/2025014/293871.png,CD_I293871,25,Collingwood,MIDFIELDER,02/10/1993,2012,190,Myrtleford (Vic)/Murray U18/Brisbane,2012,rookieElevation,86,Midfielder,12061,Jack,Crisp,274,96,,Jack Crisp,,,
17,https://s.afl.com.au/staticfile/AFL Tenant/AFL/Players/ChampIDImages/AFL/2025014/990827.png,CD_I990827,17,West Coast Eagles,MIDFIELDER_FORWARD,25/02/1998,2016,181,Tea Tree Gully (SA)/North Adelaide (SANFL),2018,nationalDraft,53,Midfielder,12576,Jack,Graham,149,53,,Jack Graham,,,
6,https://s.afl.com.au/staticfile/AFL Tenant/AFL/Players/ChampIDImages/AFL/2025014/295467.png,CD_I295467,6,St Kilda,MIDFIELDER,03/08/1994,2012,192,Kew Rovers (Vic)/Carey Grammar (Vic)/Oakleigh U18/Western Bulldogs,2013,nationalDraft,6,Midfielder,12166,Jack,Macrae,270,60,,Jack Macrae,,,
5,https://s.afl.com.au/staticfile/AFL Tenant/AFL/Players/ChampIDImages/AFL/2025014/1006133.png,CD_I1006133,5,Richmond,MIDFIELDER_FORWARD,03/09/2000,2018,187,Waverley Hawks (Vic)/Caulfield Grammar (Vic)/Oakleigh U18,2019,nationalDraft,43,Midfielder,12712,Jack,Ross,93,19,,Jack Ross,,,
9,https://s.afl.com.au/staticfile/AFL Tenant/AFL/Players/ChampIDImages/AFL/2025014/296205.png,CD_I296205,9,St Kilda,MIDFIELDER,13/12/1995,2014,187,Belconnen (NEAFL)/NSW-ACT U18/GWS/St Kilda,2015,nationalDraft,24,Midfielder,12368,Jack,Steele,202,70,,Jack Steele,,,
7,https://s.afl.com.au/staticfile/AFL Tenant/AFL/Players/ChampIDImages/AFL/2025014/291902.png,CD_I291902,7,Melbourne,MIDFIELDER,13/04/1994,2012,179,Ashburton (Vic)/Carey Grammar (Vic)/Oakleigh U18/Casey (VFL),2013,fatherSon,26,Midfielder,12147,Jack,Viney,237,70,,Jack Viney,,,
44,https://s.afl.com.au/staticfile/AFL Tenant/AFL/Players/ChampIDImages/AFL/2025014/1005326.png,CD_I1005326,44,Port Adelaide,MIDFIELDER,30/09/2001,2019,184,SMOSH Westlakes (SA)/Henley HS (SA)/W-West Torrens (SANFL),2021,fatherSon,25,Midfielder,12946,Jackson,Mead,64,12,,Jackson Mead,,,
2,https://s.afl.com.au/staticfile/AFL Tenant/AFL/Players/ChampIDImages/AFL/2025014/993903.png,CD_I993903,2,Richmond,MIDFIELDER,06/02/1997,2015,187,Leeton-Whitton United (NSW)/North Ballarat U18/GWS,2016,nationalDraft,7,Midfielder,12440,Jacob,Hopper,165,58,,Jacob Hopper,,,
2,https://s.afl.com.au/staticfile/AFL Tenant/AFL/Players/ChampIDImages/AFL/2025014/294613.png,CD_I294613,2,Fremantle,MIDFIELDER,23/02/1994,2012,184,Dongara (WA)/Perth (WAFL)/Gold Coast/Hawthorn,2012,other,1,Midfielder,12141,Jaeger,OMeara,200,87,,Jaeger O'Meara,,,
3,https://s.afl.com.au/staticfile/AFL Tenant/AFL/Players/ChampIDImages/AFL/2025014/1020895.png,CD_I1020895,3,Hawthorn,MIDFIELDER,02/08/2001,2021,187,Poowong (Vic)/Gippsland U18/Box Hill (VFL),2022,other,2,Midfielder,12915,Jai,Newcombe,102,43,,Jai Newcombe,,,
44,https://s.afl.com.au/staticfile/AFL Tenant/AFL/Players/ChampIDImages/AFL/2025014/295342.png,CD_I295342,44,Sydney Swans,MIDFIELDER,20/09/1993,2025,182,Horsham Demons (Vic)/North Ballarat U18,2013,rookieElevation,7,Midfielder,12268,Jake,Lloyd,271,49,,Jake Lloyd,,,
14,https://s.afl.com.au/staticfile/AFL Tenant/AFL/Players/ChampIDImages/AFL/2025014/1017109.png,CD_I1017109,14,Adelaide Crows,MIDFIELDER,25/01/2003,2021,179,Dromana (Vic)/Rowville Secondary College (Vic)/Eastern U18,2022,nationalDraft,36,Midfielder,12952,Jake,Soligo,85,36,,Jake Soligo,,,
22,https://s.afl.com.au/staticfile/AFL Tenant/AFL/Players/ChampIDImages/AFL/2025014/297899.png,CD_I297899,22,Western Bulldogs,MIDFIELDER,05/10/1995,2015,186,Devon Meadows (Vic)/Dandenong U18/Melbourne,2016,rookieElevation,,Midfielder,12379,James,Harmes,174,94,,James Harmes,,,
17,https://s.afl.com.au/staticfile/AFL Tenant/AFL/Players/ChampIDImages/AFL/2025014/1013409.png,CD_I1013409,17,Sydney Swans,MIDFIELDER,20/12/2000,2018,187,Yarrawonga (Vic)/Caulfield Grammar (Vic)/Oakleigh U18/Melbourne,2019,nationalDraft,33,Midfielder,12860,James,Jordon,114,36,,James Jordon,,,
25,https://s.afl.com.au/staticfile/AFL Tenant/AFL/Players/ChampIDImages/AFL/2025014/1006013.png,CD_I1006013,25,Adelaide Crows,MIDFIELDER,21/08/2000,2021,186,Pennant Hills (NSW)/GWS Giants (VFL)/GWS GIANTS,2022,other,8,Midfielder,12934,James,Peatling,68,28,,James Peatling,,,
8,https://s.afl.com.au/staticfile/AFL Tenant/AFL/Players/ChampIDImages/AFL/2025014/1006126.png,CD_I1006126,8,Sydney Swans,MIDFIELDER,19/09/2000,2018,186,Camberwell (Vic)/St Kevin's College (Vic)/Oakleigh U18,2019,nationalDraft,25,Midfielder,12714,James,Rowbottom,140,44,,James Rowbottom,,,
5,https://s.afl.com.au/staticfile/AFL Tenant/AFL/Players/ChampIDImages/AFL/2025014/1002222.png,CD_I1002222,5,Hawthorn,MIDFIELDER,24/01/1999,2017,186,Bell Park (Vic)/Geelong U18/Hawthorn,2019,nationalDraft,45,Midfielder,12619,James,Worpel,148,49,,James Worpel,,,
7,https://s.afl.com.au/staticfile/AFL Tenant/AFL/Players/ChampIDImages/AFL/2025014/998133.png,CD_I998133,7,Brisbane Lions,MIDFIELDER,05/02/1998,2016,193,Horsham Saints (Vic)/Ballarat Clarendon College (Vic)/North Ballarat U18,2018,nationalDraft,17,Midfielder,12519,Jarrod,Berry,184,73,,Jarrod Berry,,,
28,https://s.afl.com.au/staticfile/AFL Tenant/AFL/Players/ChampIDImages/AFL/2025014/291975.png,CD_I291975,28,Gold Coast SUNS,RUCK,13/09/1992,2011,209,St Ives (NSW)/Sydney University (NSW)/Collingwood,2012,other,67,Midfielder,12177,Jarrod,Witts,205,45,,Jarrod Witts,,,
7,https://s.afl.com.au/staticfile/AFL Tenant/AFL/Players/ChampIDImages/AFL/2025014/1013462.png,CD_I1013462,7,Port Adelaide,MIDFIELDER,15/07/2003,2021,186,Port District (SA)/Henley HS (SA)/Woodville-West Torrens (SANFL),2023,fatherSon,60,Midfielder,13007,Jase,Burgoyne,56,10,,Jase Burgoyne,,,
18,https://s.afl.com.au/staticfile/AFL Tenant/AFL/Players/ChampIDImages/AFL/2025014/1011640.png,CD_I1011640,18,Port Adelaide,MIDFIELDER,21/06/2003,2021,185,Christies Beach (SA)/South Adelaide (SANFL)/North Melb,2022,nationalDraft,1,Midfielder,12956,Jason,Horne-Francis,80,61,,Jason Horne-Francis,,,
5,https://s.afl.com.au/staticfile/AFL Tenant/AFL/Players/ChampIDImages/AFL/2025014/994385.png,CD_I994385,5,West Coast Eagles,MIDFIELDER,03/04/1995,2013,188,East Sandringham (Vic)/Brighton Grammar (Vic)/Melbourne,2016,nationalDraft,57,Midfielder,4729,Jayden,Hunt,172,58,,Jayden Hunt,,,
13,https://s.afl.com.au/staticfile/AFL Tenant/AFL/Players/ChampIDImages/AFL/2025014/1023537.png,CD_I1023537,13,Geelong Cats,MIDFIELDER,23/07/2004,2022,181,Queenscliff (Vic)//Geelong U18,2024,nationalDraft,8,Midfielder,13062,Jhye,Clark,27,3,,Jhye Clark,,,
27,https://s.afl.com.au/staticfile/AFL Tenant/AFL/Players/ChampIDImages/AFL/2025014/1027704.png,CD_I1027704,27,Western Bulldogs,MIDFIELDER_FORWARD,14/11/2005,2023,191,Horsham Saints Football &amp; Netball Club (Vic)/Greater Western Victoria Rebels U18,2025,nationalDraft,45,Midfielder,13140,Joel,Freijah,36,19,,Joel Freijah,,,
12,https://s.afl.com.au/staticfile/AFL Tenant/AFL/Players/ChampIDImages/AFL/2025014/992242.png,CD_I992242,12,Adelaide Crows,MIDFIELDER,09/04/1997,2015,190,Robe (SA)/Sturt (SANFL)/Sydney,2016,nationalDraft,56,Midfielder,12516,Jordan,Dawson,156,78,,Jordan Dawson,,,
2,https://s.afl.com.au/staticfile/AFL Tenant/AFL/Players/ChampIDImages/AFL/2025014/994185.png,CD_I994185,2,Collingwood,MIDFIELDER_FORWARD,15/03/1996,2014,188,Ashburton (Vic)/St Kevin's College (Vic)/Oakleigh U18,2015,nationalDraft,5,Midfielder,12631,Jordan,de Goey,182,210,,Jordan de Goey,,,
24,https://s.afl.com.au/staticfile/AFL Tenant/AFL/Players/ChampIDImages/AFL/2025014/992330.png,CD_I992330,24,Port Adelaide,RUCK,02/02/1998,2023,206,Tea Tree Gully (SA)/North Adelaide (SANFL)/Western Australia,2020,other,,Midfielder,12890,Jordon,Sweet,47,10,,Jordon Sweet,,,
5,https://s.afl.com.au/staticfile/AFL Tenant/AFL/Players/ChampIDImages/AFL/2025014/993834.png,CD_I993834,5,Brisbane Lions,MIDFIELDER,09/01/1997,2015,191,Sale (Vic)/Gippsland U18/Western Bulldogs,2016,nationalDraft,25,Midfielder,13112,Josh,Dunkley,195,80,,Josh Dunkley,,,
22,https://s.afl.com.au/staticfile/AFL Tenant/AFL/Players/ChampIDImages/AFL/2025014/296347.png,CD_I296347,22,GWS GIANTS,MIDFIELDER,12/02/1995,2013,184,East Brighton (Vic)/Brighton Grammar (Vic)/Sandringham U18,2014,nationalDraft,2,Midfielder,12947,Josh,Kelly,230,144,,Josh Kelly,,,
25,https://s.afl.com.au/staticfile/AFL Tenant/AFL/Players/ChampIDImages/AFL/2025014/1017110.png,CD_I1017110,25,Hawthorn,MIDFIELDER,15/08/2003,2021,183,Fitzroy (Vic)/Melbourne Grammar (Vic)/Northern U18,2022,nationalDraft,7,Midfielder,12887,Josh,Ward,67,8,,Josh Ward,,,
27,https://s.afl.com.au/staticfile/AFL Tenant/AFL/Players/ChampIDImages/AFL/2025014/1011936.png,CD_I1011936,27,Sydney Swans,MIDFIELDER_FORWARD,18/08/2000,2018,189,Banyule (Vic)/Marcellin College (Vic)/Northern U18,2019,nationalDraft,44,Midfielder,12711,Justin,McInerney,109,45,,Justin McInerney,,,
6,https://s.afl.com.au/staticfile/AFL Tenant/AFL/Players/ChampIDImages/AFL/2025014/1006103.png,CD_I1006103,6,Essendon,MIDFIELDER,28/09/2000,2018,183,Golden Square (Vic)/Geelong Grammar (Vic)/Bendigo U18/GWS,2019,nationalDraft,11,Midfielder,12755,Jye,Caldwell,89,31,,Jye Caldwell,,,
33,https://s.afl.com.au/staticfile/AFL Tenant/AFL/Players/ChampIDImages/AFL/2025014/294592.png,CD_I294592,33,Richmond,MIDFIELDER,03/04/1994,2012,191,Pinjarra (WA)/Peel Thunder (WAFL),2015,nationalDraft,31,Midfielder,12317,Kamdyn,McIntosh,213,62,,Kamdyn McIntosh,,,
32,https://s.afl.com.au/staticfile/AFL Tenant/AFL/Players/ChampIDImages/AFL/2025014/1008436.png,CD_I1008436,32,GWS GIANTS,RUCK,06/10/1999,2018,201,Pennant Hills (NSW),2020,nationalDraft,34,Midfielder,12904,Kieren,Briggs,70,14,,Kieren Briggs,,,
36,https://s.afl.com.au/staticfile/AFL Tenant/AFL/Players/ChampIDImages/AFL/2025014/1008541.png,CD_I1008541,36,Melbourne,MIDFIELDER_FORWARD,02/06/2001,2019,171,Port District (SA)/Prince Alfred Coll (SA)/Woodville-West Torrens (SANFL),2020,nationalDraft,12,Midfielder,12771,Kysaiah,Pickett,126,201,,Kysaiah Pickett,,,
9,https://s.afl.com.au/staticfile/AFL Tenant/AFL/Players/ChampIDImages/AFL/2025014/293535.png,CD_I293535,9,Brisbane Lions,MIDFIELDER,24/05/1993,2011,177,Kybybolite (SA)/St Peter's Coll (SA)/Glenelg (SANFL)/Fremantle,2012,nationalDraft,58,Midfielder,12055,Lachie,Neale,295,137,,Lachie Neale,,,
14,https://s.afl.com.au/staticfile/AFL Tenant/AFL/Players/ChampIDImages/AFL/2025014/298524.png,CD_I298524,14,Gold Coast SUNS,MIDFIELDER,23/02/1996,2014,182,Southport (Qld)/Broadbeach (Qld)/Fremantle,2015,nationalDraft,13,Midfielder,12385,Lachie,Weller,161,50,,Lachie Weller,,,
25,https://s.afl.com.au/staticfile/AFL Tenant/AFL/Players/ChampIDImages/AFL/2025014/290314.png,CD_I290314,25,GWS GIANTS,RUCK,14/04/1990,2024,204,Marist College Brisbane (Qld)/Collingwood,2011,rookieElevation,11,Midfielder,11991,Lachlan,Keeffe,119,20,,Lachlan Keeffe,,,
10,https://s.afl.com.au/staticfile/AFL Tenant/AFL/Players/ChampIDImages/AFL/2025014/1028560.png,CD_I1028560,10,Brisbane Lions,MIDFIELDER,18/12/2006,2024,181,St Kilda City Junior Football Club/Sandringham U18,2025,fatherSon,5,Midfielder,13197,Levi,Ashcroft,28,13,,Levi Ashcroft,,,
17,https://s.afl.com.au/staticfile/AFL Tenant/AFL/Players/ChampIDImages/AFL/2025014/1000980.png,CD_I1000980,17,Hawthorn,RUCK,22/04/1998,2017,203,SMW Rovers (Vic)/GWV U18/North Ballarat (VFL)/Fremantle,2018,nationalDraft,69,Midfielder,12856,Lloyd,Meek,77,24,,Lloyd Meek,,,
9,https://s.afl.com.au/staticfile/AFL Tenant/AFL/Players/ChampIDImages/AFL/2025014/1009399.png,CD_I1009399,9,Fremantle,RUCK,29/09/2001,2019,199,Bullcreek-Leeming (WA)/East Fremantle (WAFL)/Melbourne,2020,nationalDraft,3,Midfielder,12779,Luke,Jackson,119,93,,Luke Jackson,,,
26,https://s.afl.com.au/staticfile/AFL Tenant/AFL/Players/ChampIDImages/AFL/2025014/290778.png,CD_I290778,26,North Melbourne,MIDFIELDER,25/10/1992,2010,183,Langwarrin (Vic)/Dandenong U18/Sydney Swans,2011,nationalDraft,40,Midfielder,11953,Luke,Parker,315,225,,Luke Parker,,,
27,https://s.afl.com.au/staticfile/AFL Tenant/AFL/Players/ChampIDImages/AFL/2025014/298290.png,CD_I298290,27,Carlton,RUCK,03/06/1996,2014,202,Kew Comets (Vic)/Xavier College (Vic)/Oakleigh U18/Hawthorn,2015,nationalDraft,50,Midfielder,12417,Marc,Pittonet,80,12,,Marc Pittonet,,,
4,https://s.afl.com.au/staticfile/AFL Tenant/AFL/Players/ChampIDImages/AFL/2025014/297373.png,CD_I297373,4,Western Bulldogs,MIDFIELDER,24/11/1995,2013,194,Eltham (Vic)/Northern U18,2015,nationalDraft,4,Midfielder,12269,Marcus,Bontempelli,258,253,,Marcus Bontempelli,,,
2,https://s.afl.com.au/staticfile/AFL Tenant/AFL/Players/ChampIDImages/AFL/2025014/1023270.png,CD_I1023270,2,St Kilda,MIDFIELDER,16/05/2003,2021,185,Beaumaris (Vic)/Haileybury College (Vic)/Sandringham U18,2022,nationalDraft,47,Midfielder,12967,Marcus,Windhager,75,10,,Marcus Windhager,,,
46,https://s.afl.com.au/staticfile/AFL Tenant/AFL/Players/ChampIDImages/AFL/2025014/296733.png,CD_I296733,46,Geelong Cats,RUCK,28/03/1991,2014,198,Sunbury (Vic),2013,rookieElevation,,Midfielder,12153,Mark,Blicavs,296,81,,Mark Blicavs,,,
32,https://s.afl.com.au/staticfile/AFL Tenant/AFL/Players/ChampIDImages/AFL/2025014/295340.png,CD_I295340,32,St Kilda,MIDFIELDER_FORWARD,13/09/1993,2012,192,Geelong Amateur (Vic)/Geelong College (Vic)/Geelong U18/NM,2014,nationalDraft,41,Midfielder,12312,Mason,Wood,156,149,,Mason Wood,,,
16,https://s.afl.com.au/staticfile/AFL Tenant/AFL/Players/ChampIDImages/AFL/2025014/1005144.png,CD_I1005144,16,Hawthorn,MIDFIELDER,05/06/2003,2022,178,Point Cook (Vic)/Western U18/Richmond (VFL)/Essendon,2023,other,3,Midfielder,12998,Massimo,DAmbrosio,66,17,,Massimo D'Ambrosio,,,
5,https://s.afl.com.au/staticfile/AFL Tenant/AFL/Players/ChampIDImages/AFL/2025014/297401.png,CD_I297401,5,Adelaide Crows,MIDFIELDER,21/04/1995,2013,181,Beaufort (Vic)/North Ballarat U18,2014,nationalDraft,23,Midfielder,13212,Matt,Crouch,164,31,,Matt Crouch,,,
18,https://s.afl.com.au/staticfile/AFL Tenant/AFL/Players/ChampIDImages/AFL/2025014/1009208.png,CD_I1009208,18,Gold Coast SUNS,MIDFIELDER,01/07/2001,2019,180,Canterbury (Vic)/Carey Grammar (Vic)/Oakleigh U18,2020,nationalDraft,1,Midfielder,12994,Matt,Rowell,110,35,,Matt Rowell,,,
46,https://s.afl.com.au/staticfile/AFL Tenant/AFL/Players/ChampIDImages/AFL/2025014/1008154.png,CD_I1008154,46,Carlton,MIDFIELDER_FORWARD,29/02/2000,2021,184,Pearcedale (Vic)/Dandenong U18,2022,rookieElevation,23,Midfielder,12822,Matthew,Cottrell,74,36,,Matthew Cottrell,,,
8,https://s.afl.com.au/staticfile/AFL Tenant/AFL/Players/ChampIDImages/AFL/2025014/1001398.png,CD_I1001398,8,Western Bulldogs,MIDFIELDER,06/04/1997,2015,188,Collingullie-Glenfield Park (NSW)/NSW-ACT U18/GWS Giants/Carlton,2016,nationalDraft,13,Midfielder,12455,Matthew,Kennedy,141,78,,Matthew Kennedy,,,
11,https://s.afl.com.au/staticfile/AFL Tenant/AFL/Players/ChampIDImages/AFL/2025014/290528.png,CD_I290528,11,Melbourne,RUCK,30/12/1991,2009,209,Ormond (Vic)/Sandringham U18,2015,nationalDraft,34,Midfielder,11966,Max,Gawn,247,115,,Max Gawn,,,
9,https://s.afl.com.au/staticfile/AFL Tenant/AFL/Players/ChampIDImages/AFL/2025014/1015889.png,CD_I1015889,9,Geelong Cats,MIDFIELDER,29/08/2002,2020,190,East Malvern (Vic)/Prahran (Vic)/Melb Grammar (Vic)/Sandr U18,2022,nationalDraft,20,Midfielder,12881,Max,Holmes,103,49,,Max Holmes,,,
7,https://s.afl.com.au/staticfile/AFL Tenant/AFL/Players/ChampIDImages/AFL/2025014/291570.png,CD_I291570,7,Fremantle,MIDFIELDER,18/09/1991,2009,191,Lake Grace (WA)/Claremont (WAFL),2010,nationalDraft,20,Midfielder,11834,Nat,Fyfe,248,178,,Nat Fyfe,,,
30,https://s.afl.com.au/staticfile/AFL Tenant/AFL/Players/ChampIDImages/AFL/2025014/1013220.png,CD_I1013220,30,Fremantle,MIDFIELDER,17/05/2002,2020,188,Northam (WA)/Perth (WAFL),2025,nationalDraft,27,Midfielder,12960,Nathan,ODriscoll,38,15,,Nathan O'Driscoll,,,
44,https://s.afl.com.au/staticfile/AFL Tenant/AFL/Players/ChampIDImages/AFL/2025014/1017124.png,CD_I1017124,44,Collingwood,MIDFIELDER,05/02/2003,2024,194,Melbourne Grammar (Vic)/Northern U18/ Collingwood (VFL),2022,other,19,Midfielder,13023,Ned,Long,37,10,,Ned Long,,,
28,https://s.afl.com.au/staticfile/AFL Tenant/AFL/Players/ChampIDImages/AFL/2025014/1020250.png,CD_I1020250,28,Fremantle,MIDFIELDER,02/12/2003,2021,190,Sorrento-Duncraig (WA)/Hale School (WA)/Subiaco (WAFL),2024,nationalDraft,10,Midfielder,12966,Neil,Erasmus,39,4,,Neil Erasmus,,,
35,https://s.afl.com.au/staticfile/AFL Tenant/AFL/Players/ChampIDImages/AFL/2025014/1023261.png,CD_I1023261,35,Collingwood,MIDFIELDER,03/01/2003,2021,184,Kew Rovers (Vic)/Camberwell Grammar (Vic)/Oakleigh U18,2022,fatherSon,4,Midfielder,12091,Nick,Daicos,95,63,,Nick Daicos,,,
15,https://s.afl.com.au/staticfile/AFL Tenant/AFL/Players/ChampIDImages/AFL/2025014/1009199.png,CD_I1009199,15,Gold Coast SUNS,MIDFIELDER,17/02/2001,2019,192,Hawthorn Citizens (Vic)/Carey Grammar (Vic)/Oakleigh U18,2020,nationalDraft,2,Midfielder,12767,Noah,Anderson,129,54,,Noah Anderson,,,
28,https://s.afl.com.au/staticfile/AFL Tenant/AFL/Players/ChampIDImages/AFL/2025014/1025034.png,CD_I1025034,28,Geelong Cats,MIDFIELDER,07/01/2003,2021,187,Boroondara (Vic)/Carey Grammar (Vic)/Old Carey (Vic),2023,rookieElevation,15,Midfielder,12974,Oliver,Dempsey,59,63,,Oliver Dempsey,,,
13,https://s.afl.com.au/staticfile/AFL Tenant/AFL/Players/ChampIDImages/AFL/2025014/998103.png,CD_I998103,13,Sydney Swans,MIDFIELDER,22/07/1998,2016,184,Beaumaris (Vic)/Mentone Grammar (Vic)/Sandringham U18/Sydney Swans,2017,nationalDraft,11,Midfielder,12497,Oliver,Florent,184,51,,Oliver Florent,,,
16,https://s.afl.com.au/staticfile/AFL Tenant/AFL/Players/ChampIDImages/AFL/2025014/294318.png,CD_I294318,16,Port Adelaide,MIDFIELDER,07/10/1994,2012,187,Echuca (Vic)/Bendigo U18,2013,nationalDraft,7,Midfielder,12150,Ollie,Wines,273,103,,Ollie Wines,,,
46,https://s.afl.com.au/staticfile/AFL Tenant/AFL/Players/ChampIDImages/AFL/2025014/1005521.png,CD_I1005521,46,Brisbane Lions,RUCK,10/07/1994,2016,205,Montrose (Vic)/Casey (VFL),2018,rookieElevation,37,Midfielder,12617,Oscar,McInerney,166,67,,Oscar McInerney,,,
9,https://s.afl.com.au/staticfile/AFL Tenant/AFL/Players/ChampIDImages/AFL/2025014/990704.png,CD_I990704,9,Carlton,MIDFIELDER,18/03/1995,2013,195,Northampton (WA)/East Fremantle (WAFL),2014,nationalDraft,13,Midfielder,12261,Patrick,Cripps,230,127,,Patrick Cripps,,,
1,https://s.afl.com.au/staticfile/AFL Tenant/AFL/Players/ChampIDImages/AFL/2025014/1003130.png,CD_I1003130,1,Collingwood,MIDFIELDER_FORWARD,17/07/1998,2016,190,Eltham (Vic)/Northern U18/Western Bulldogs,2017,nationalDraft,28,Midfielder,12578,Patrick,Lipinski,141,72,,Patrick Lipinski,,,
19,https://s.afl.com.au/staticfile/AFL Tenant/AFL/Players/ChampIDImages/AFL/2025014/997142.png,CD_I997142,19,Sydney Swans,RUCK,14/01/1998,2021,204,Modbury (SA)/Norwood (SANFL)/Port Adelaide,2018,other,,Midfielder,12729,Peter,Ladhams,63,34,,Peter Ladhams,,,
43,https://s.afl.com.au/staticfile/AFL Tenant/AFL/Players/ChampIDImages/AFL/2025014/297523.png,CD_I297523,43,Adelaide Crows,RUCK,20/08/1995,2016,201,Moonee Valley (Vic)/Calder U18,2015,rookieElevation,,Midfielder,12473,Reilly,OBrien,146,17,,Reilly O'Brien,,,
1,https://s.afl.com.au/staticfile/AFL Tenant/AFL/Players/ChampIDImages/AFL/2025014/280317.png,CD_I280317,1,Geelong Cats,RUCK,01/12/1990,2008,200,Berri (SA)/West Adelaide (SANFL)/St Kilda,2010,nationalDraft,47,Midfielder,11847,Rhys,Stanley,230,115,,Rhys Stanley,,,
45,https://s.afl.com.au/staticfile/AFL Tenant/AFL/Players/ChampIDImages/AFL/2025014/1027501.png,CD_I1027501,45,Collingwood,MIDFIELDER,22/10/2001,2025,183,West Perth (WAFL),,other,8,Midfielder,13248,Roan,Steele,5,0,,Roan Steele,,,
19,https://s.afl.com.au/staticfile/AFL Tenant/AFL/Players/ChampIDImages/AFL/2025014/992468.png,CD_I992468,19,St Kilda,RUCK,24/11/1995,2016,201,Heathmere (Vic)/North Ballarat U18/North Ballarat (VFL),2018,rookieElevation,10,Midfielder,12564,Rowan,Marshall,156,78,,Rowan Marshall,,,
9,https://s.afl.com.au/staticfile/AFL Tenant/AFL/Players/ChampIDImages/AFL/2025014/1015777.png,CD_I1015777,9,GWS GIANTS,MIDFIELDER,12/12/2002,2020,185,Foster (Vic)/Gippsland U18,2024,nationalDraft,18,Midfielder,13001,Ryan,Angwin,30,3,,Ryan Angwin,,,
3,https://s.afl.com.au/staticfile/AFL Tenant/AFL/Players/ChampIDImages/AFL/2025014/1012807.png,CD_I1012807,3,Adelaide Crows,MIDFIELDER,12/02/2002,2020,181,Maffra (Vic)/Melbourne Grammar (Vic)/Gippsland U18,2021,nationalDraft,28,Midfielder,12849,Sam,Berry,76,18,,Sam Berry,,,
30,https://s.afl.com.au/staticfile/AFL Tenant/AFL/Players/ChampIDImages/AFL/2025014/1010708.png,CD_I1010708,30,Hawthorn,MIDFIELDER_FORWARD,10/02/2003,2021,184,"Lake Wendouree (Vic)/St Patrick's College, Ballarat (Vic)/GWV U18",2023,nationalDraft,23,Midfielder,12988,Sam,Butler,25,15,,Sam Butler,,,
15,https://s.afl.com.au/staticfile/AFL Tenant/AFL/Players/ChampIDImages/AFL/2025014/295518.png,CD_I295518,15,Carlton,MIDFIELDER,17/10/1993,2011,187,Phillip Island (Vic)/Gippsland U18/Brisbane,2013,nationalDraft,12,Midfielder,12170,Sam,Docherty,184,31,,Sam Docherty,,,
2,https://s.afl.com.au/staticfile/AFL Tenant/AFL/Players/ChampIDImages/AFL/2025014/1005577.png,CD_I1005577,2,Essendon,RUCK,28/09/1998,2025,205,Reynella (SA)/South Adelaide (SANFL)/Essendon,2018,other,,Midfielder,12810,Sam,Draper,78,43,,Sam Draper,,,
22,https://s.afl.com.au/staticfile/AFL Tenant/AFL/Players/ChampIDImages/AFL/2025014/1015810.png,CD_I1015810,22,Essendon,MIDFIELDER,09/07/2001,2021,185,Seymour (Vic)/Murray U18/Richmond (VFL),2023,other,9,Midfielder,12925,Sam,Durham,91,29,,Sam Durham,,,
20,https://s.afl.com.au/staticfile/AFL Tenant/AFL/Players/ChampIDImages/AFL/2025014/1028520.png,CD_I1028520,20,Brisbane Lions,MIDFIELDER,19/01/2006,2024,185,Kawana Park JAFC/Sandringham U18/Brisbane Lions Academy,,nationalDraft,25,Midfielder,13215,Sam,Marshall,12,1,,Sam Marshall,,,
18,https://s.afl.com.au/staticfile/AFL Tenant/AFL/Players/ChampIDImages/AFL/2025014/1006094.png,CD_I1006094,18,Carlton,MIDFIELDER,02/07/2000,2018,184,"St Joseph's, Geel (Vic)/St Joseph's College, Geel (Vic)/Geel U18",2019,nationalDraft,1,Midfielder,12684,Sam,Walsh,133,47,,Sam Walsh,,,
10,https://s.afl.com.au/staticfile/AFL Tenant/AFL/Players/ChampIDImages/AFL/2025014/260257.png,CD_I260257,10,Collingwood,MIDFIELDER,07/01/1988,2005,191,Sale (Vic)/Gippsland U18,2007,nationalDraft,5,Midfielder,4182,Scott,Pendlebury,425,204,,Scott Pendlebury,,,
4,https://s.afl.com.au/staticfile/AFL Tenant/AFL/Players/ChampIDImages/AFL/2025014/998145.png,CD_I998145,4,Fremantle,RUCK,12/06/1998,2016,203,Cobden (Vic)/Xavier College (Vic)/Geelong U18,2017,nationalDraft,38,Midfielder,12547,Sean,Darcy,127,49,,Sean Darcy,,,
15,https://s.afl.com.au/staticfile/AFL Tenant/AFL/Players/ChampIDImages/AFL/2025014/993993.png,CD_I993993,15,Fremantle,MIDFIELDER_FORWARD,08/12/1998,2016,176,Forrestdale (WA)/South Fremantle (WAFL)/Richmond,2018,nationalDraft,29,Midfielder,12535,Shai,Bolton,158,193,,Shai Bolton,,,
22,https://s.afl.com.au/staticfile/AFL Tenant/AFL/Players/ChampIDImages/AFL/2025014/280965.png,CD_I280965,22,Collingwood,MIDFIELDER,02/01/1991,2008,184,Congupna (Vic)/Murray U18,2009,nationalDraft,11,Midfielder,11751,Steele,Sidebottom,354,209,,Steele Sidebottom,,,
3,https://s.afl.com.au/staticfile/AFL Tenant/AFL/Players/ChampIDImages/AFL/2025014/291969.png,CD_I291969,3,GWS GIANTS,MIDFIELDER,15/12/1993,2011,182,Upper Swan (WA)/Swan Districts (WAFL),2012,nationalDraft,2,Midfielder,12028,Stephen,Coniglio,227,124,,Stephen Coniglio,,,
44,https://s.afl.com.au/staticfile/AFL Tenant/AFL/Players/ChampIDImages/AFL/2025014/1004592.png,CD_I1004592,44,Western Bulldogs,RUCK,10/08/1997,2016,208,Brookton-Pingelly (WA)/South Fremantle (WAFL),2017,nationalDraft,19,Midfielder,12300,Tim,English,154,90,,Tim English,,,
11,https://s.afl.com.au/staticfile/AFL Tenant/AFL/Players/ChampIDImages/AFL/2025014/295898.png,CD_I295898,11,West Coast Eagles,MIDFIELDER_FORWARD,26/07/1994,2017,184,Palmyra (WA)/South Fremantle (WAFL)/Geelong,2018,nationalDraft,24,Midfielder,12504,Tim,Kelly,164,84,,Tim Kelly,,,
14,https://s.afl.com.au/staticfile/AFL Tenant/AFL/Players/ChampIDImages/AFL/2025014/998172.png,CD_I998172,14,Richmond,MIDFIELDER,28/01/1998,2016,188,Mordialloc Braeside (Vic)/St Kevin's College (Vic)/Sandringham U18/GWS,2017,nationalDraft,2,Midfielder,12772,Tim,Taranto,173,88,,Tim Taranto,,,
14,https://s.afl.com.au/staticfile/AFL Tenant/AFL/Players/ChampIDImages/AFL/2025014/1008139.png,CD_I1008139,14,GWS GIANTS,MIDFIELDER_FORWARD,27/05/2000,2018,179,Rosebud (Vic)/Melbourne Grammar (Vic)/Dandenong U18/Melbourne,2020,nationalDraft,75,Midfielder,13088,Toby,Bedford,83,48,,Toby Bedford,,,
31,https://s.afl.com.au/staticfile/AFL Tenant/AFL/Players/ChampIDImages/AFL/2025014/1027971.png,CD_I1027971,31,GWS GIANTS,MIDFIELDER,06/08/2004,2022,183,Port Fairy (Vic)/Sandringham U18,2024,nationalDraft,34,Midfielder,13108,Toby,McMullin,28,8,,Toby McMullin,,,
25,https://s.afl.com.au/staticfile/AFL Tenant/AFL/Players/ChampIDImages/AFL/2025014/298174.png,CD_I298174,25,Richmond,RUCK,12/08/1994,2013,199,Georgetown (Tas)/North Launceston (Tas)/Sydney,2014,nationalDraft,35,Midfielder,11686,Toby,Nankervis,179,45,,Toby Nankervis,,,
17,https://s.afl.com.au/staticfile/AFL Tenant/AFL/Players/ChampIDImages/AFL/2025014/271129.png,CD_I271129,17,Essendon,RUCK,01/07/1988,2006,201,Trinity Grammar (Vic)/Oakleigh U18/North Melbourne,2008,nationalDraft,37,Midfielder,12383,Todd,Goldstein,345,160,,Todd Goldstein,,,
30,https://s.afl.com.au/staticfile/AFL Tenant/AFL/Players/ChampIDImages/AFL/2025014/994386.png,CD_I994386,30,Geelong Cats,MIDFIELDER,18/09/1995,2018,180,St Joseph's Geel (Vic)/Geel College/Geel U18/Geelong (VFL),2019,rookieElevation,11,Midfielder,13096,Tom,Atkins,154,22,,Tom Atkins,,,
12,https://s.afl.com.au/staticfile/AFL Tenant/AFL/Players/ChampIDImages/AFL/2025014/1004912.png,CD_I1004912,12,Carlton,RUCK,16/07/1999,2017,201,Mt Martha (Vic)/Padua College (Vic)/Dandenong U18/Carlton,2020,nationalDraft,30,Midfielder,13198,Tom,De Koning,100,36,,Tom De Koning,,,
12,https://s.afl.com.au/staticfile/AFL Tenant/AFL/Players/ChampIDImages/AFL/2025014/1009528.png,CD_I1009528,12,GWS GIANTS,MIDFIELDER,23/01/2001,2019,192,Eastlake (ACT)/Marist College (ACT)/GWS (NEAFL),2020,nationalDraft,10,Midfielder,13211,Tom,Green,115,49,,Tom Green,,,
21,https://s.afl.com.au/staticfile/AFL Tenant/AFL/Players/ChampIDImages/AFL/2025014/290799.png,CD_I290799,21,Western Bulldogs,MIDFIELDER,16/05/1992,2010,184,St Bernard's (Vic)/Calder U18,2011,fatherSon,41,Midfielder,11948,Tom,Liberatore,257,91,,Tom Liberatore,,,
6,https://s.afl.com.au/staticfile/AFL Tenant/AFL/Players/ChampIDImages/AFL/2025014/291856.png,CD_I291856,6,Collingwood,MIDFIELDER,31/05/1993,2011,181,Ashburton (Vic)/Claremont (WAFL)/Sydney/Hawthorn,2013,fatherSon,21,Midfielder,12412,Tom,Mitchell,207,84,,Tom Mitchell,,,
11,https://s.afl.com.au/staticfile/AFL Tenant/AFL/Players/ChampIDImages/AFL/2025014/298272.png,CD_I298272,11,Gold Coast SUNS,MIDFIELDER,22/02/1996,2014,178,Maribyrnong Park (Vic)/St Kevin's College (Vic)/Calder U18,2015,nationalDraft,29,Midfielder,12331,Touk,Miller,214,71,,Touk Miller,,,
10,https://s.afl.com.au/staticfile/AFL Tenant/AFL/Players/ChampIDImages/AFL/2025014/250365.png,CD_I250365,10,Port Adelaide,MIDFIELDER_FORWARD,01/08/1988,2006,183,Torquay (Vic)/Geelong U18,2007,nationalDraft,5,Midfielder,11583,Travis,Boak,387,215,,Travis Boak,,,
40,https://s.afl.com.au/staticfile/AFL Tenant/AFL/Players/ChampIDImages/AFL/2025014/1017114.png,CD_I1017114,40,Richmond,MIDFIELDER_FORWARD,27/01/2003,2021,181,Lysterfield (Vic)/Rowville Secondary College (Vic)/Eastern U18,2025,nationalDraft,28,Midfielder,13014,Tyler,Sonsie,40,10,,Tyler Sonsie,,,
8,https://s.afl.com.au/staticfile/AFL Tenant/AFL/Players/ChampIDImages/AFL/2025014/1023517.png,CD_I1023517,8,Brisbane Lions,MIDFIELDER,06/05/2004,2022,182,Southport (Qld)/Old Brighton (Vic)/Sandringham U18/Bris (VFL),2023,fatherSon,2,Midfielder,13040,Will,Ashcroft,59,27,,Will Ashcroft,,,
36,https://s.afl.com.au/staticfile/AFL Tenant/AFL/Players/ChampIDImages/AFL/2025014/1029262.png,CD_I1029262,36,Port Adelaide,MIDFIELDER,19/02/2005,2023,186,Kew Rovers Football Club (Vic)/Oakleigh Chargers U18,2025,nationalDraft,57,Midfielder,12026,Will,Lorenz,8,2,,Will Lorenz,,,
28,https://s.afl.com.au/staticfile/AFL Tenant/AFL/Players/ChampIDImages/AFL/2025014/1000972.png,CD_I1000972,28,Port Adelaide,MIDFIELDER,01/10/1998,2016,188,Koroit (Vic)/North Ballarat U18,2017,nationalDraft,33,Midfielder,13207,Willem,Drew,130,21,,Willem Drew,,,
28,https://s.afl.com.au/staticfile/AFL Tenant/AFL/Players/ChampIDImages/AFL/2025014/1006096.png,CD_I1006096,28,Essendon,MIDFIELDER,07/07/2000,2018,186,Foster (Vic)/South Gippsland SC (Vic)/Gippsland U18/Port Adelaide,2019,nationalDraft,18,Midfielder,12696,Xavier,Duursma,110,52,,Xavier Duursma,,,
33,https://s.afl.com.au/staticfile/AFL Tenant/AFL/Players/ChampIDImages/AFL/2025014/1006135.png,CD_I1006135,33,GWS GIANTS,MIDFIELDER,11/07/2000,2018,187,St Bernard's (Vic)/St Bernard's College (Vic)/Western U18,2020,nationalDraft,22,Midfielder,12821,Xavier,OHalloran,90,34,,Xavier O'Halloran,,,
33,https://s.afl.com.au/staticfile/AFL Tenant/AFL/Players/ChampIDImages/AFL/2025014/1002312.png,CD_I1002312,33,Brisbane Lions,MIDFIELDER_FORWARD,23/09/1999,2017,181,Southern Dists (NT)/Prince Alfred College (SA)/Norwood (SANFL),2019,nationalDraft,15,Midfielder,12610,Zac,Bailey,167,188,,Zac Bailey,,,
7,https://s.afl.com.au/staticfile/AFL Tenant/AFL/Players/ChampIDImages/AFL/2025014/992016.png,CD_I992016,7,Essendon,MIDFIELDER,03/10/1995,2013,179,Cobden (Vic)/Melbourne Grammar (Vic)/Sandringham U18,2014,nationalDraft,26,Midfielder,12241,Zach,Merrett,251,87,,Zach Merrett,,,
9,https://s.afl.com.au/staticfile/AFL Tenant/AFL/Players/ChampIDImages/AFL/2025014/1006121.png,CD_I1006121,9,Port Adelaide,MIDFIELDER,08/09/2000,2018,181,Darley (Vic)/Maribyrnong College (Vic)/Western U18,2019,nationalDraft,12,Midfielder,12698,Zak,Butters,139,68,,Zak Butters,,,
3,https://s.afl.com.au/staticfile/AFL Tenant/AFL/Players/ChampIDImages/AFL/2025014/991988.png,CD_I991988,3,St Kilda,MIDFIELDER,15/03/1995,2013,182,Mt Eliza (Vic)/Dandenong U18/Sydney,2014,nationalDraft,15,Midfielder,12288,Zak,Jones,164,36,,Zak Jones,,,
,,,,,,,,,,,,,,,,,,,,,,,
